,댓글 작성자,댓글,좋아요 개수,하트 유/무
1,미노Cc,독도는 한국 영토입니다. Dokdo is Korean territory. 独島は韓国の領土です。 独岛是韩国的领土。,3.8만,없음
2,구란데,어딨는지도 모르면서 자기네들 땅이라고 주장하는 거 넘 재밌고,5.2천,없음
3,잼미니,지들이 독도 일본땅 이라면서 독도가 어디있는지 모르는게 더 레전드ㅋㅋㅋㅋㅋㅋㅋㅋ,4.1천,없음
4,신혁수,일본인들에게 우리는 이런 사람이 아니라는 것을 보여줘야 겠네요,31,없음
5,이름없음,김구라가 일본어 할 줄 알았어봐 진심 개막장 싸움 남,3.5천,없음
6,뱁새 맞음 어쨋든 뱁새 맞음,이 영상을 전세계 사람들이 보길 기원합니다,98,없음
7,̇Ⱉ ̇,독도가 일본땅이라고 말하는거조차 심각하지만 처음보는 사람에게 저렇게 함부로 대하는게 진짜 심각하다. 예의가 정말없다.,4.1천,없음
8,찬쓰,일본사람들의 저런 말듣고  안때린 한국인들이 진짜 대단하다...,1.8천,없음
9,준 이,일본의 식민지였던 대한민국이 이제는 선진국으로 인정받고 이정도로 성장한 것 자체가 대단하다 일본과도 몇십년 차이 나던것이 이제는 10년정도 차이나고,793,없음
10,いいあ,"이 영상만 보고 판단하지 말아줘, 인터뷰하고 일본땅이라고 주장하는 사람은 노인들뿐이야.  그리고 이렇게 입이 나쁜건 일부 사람이야, 나도 믿을 수 없어.  번역기를 사용했기 때문에 실수가 있을지도 모릅니다. 그럴 경우 죄송합니다.  저는 한국인도 문화도 좋아합니다. 싸우고 싶지 않습니다. 이 문제가 평화적으로 해결되기를 바랍니다.",144,없음
11,yunseok kim,한국에서 가장 건들면 안 되는 발언 탑3:동양인 비하 탑2:독도 탑1:부모님 안부,2.5천,없음
12,meer udu,나라에서는 해주는것도 없고 자영업자인데 해당도 안되는와중에 뱤@캬라@퓰@뱅 알고나서 아빠노릇합니다..ㅋ,921,없음
13,채아,와... 처음 본사람한테 저렇게 무례하게 대하고 일본 정부만 나쁜줄알았더니 ....시민 분들도 비슷하구나...,1.4천,없음
14,kang kang,김구라 진심 빡쳤다가 점점 빡치기도 귀찮아진게 킬포임ㅋㅋㅋㅋㅋㅋ,877,없음
15,노성욱,부끄러움 이라는걸 모르는 나라. 역사교육의 중요성을 깨우쳐 주는 나라.,875,없음
16,김치:0,어디있는지도 모르면서 자기네 땅이라고 우기는게 신기해요 ㅎㅎ 제가 좀 어려서 뭘써야 할지 모르겠지만 일본인들이 경제적이득땜에 독도가 자기들에 영토라고 우기는게 참...,35,없음
17,제리,독도가 어디있는지도 잘 모르는분들이 왤케 당당한지..,648,없음
18,조조수현,컨텐츠 자체자막달아서 해외에 제발 보여주세요!,6,없음
19,백지선,누가 그러더군요 독도 갈 때 일본인들은 여권을 가지고 가죠? 한국인들은 그냥 간답니다^^,3.9만,없음
20,건방진,근데 솔직히 자기 땅도 아닌 일본도 이런 행사를 지자체에서 진행하는데 우리도 국민들이 개인적으로 하는 행사나 이런거 말고도 더 많은 행사 했으면 좋겠다 ㅠㅠ,413,없음
21,아람몬_1022,이래서 일본인들이란..;ㅉ 한국에 미안한마음을 가지고있는 일본인이 있는지 궁금하네 사과하기에는 때가 지났어,361,없음
22,ym k,우리나라가 지금보다 더 강해져야하는 이유가 이 영상에 다 있네요. ㅜ 대한민국국민여러분 화이팅입니다,747,없음
23,kw y,대체로 왜소한 일본인들 앞에 큰 장정 3명이 있으니 든든하네요,262,없음
24,스로,역사를 멋대로 바꾼건 미래도 좋지 못하게 바뀌겠죠..,0,없음
25,..,김구라 진짜 많이 참고 있는 게 눈에 보인다,408,없음
26,244임,저는 개인적으로 이건 일본 나라 자체가 나쁜게 아니고 나라는 좋지만 사람들이 나쁜거라고 생각합니다 이건 개인적인 생각이기 때문에 화내시지 말아주세요!,4,없음
27,리버,"저거는 독도도 독도지만 무척 무례하다고 생각함. 한국인 일행분들은 정식으로 승인을 받고 취재를 하는 상황에서 뭣도 모르고 욕부터 박는 일본인들..그냥 자기가 보고 싶은대로 세상을 보는거 같음. 자신의 주장을 관철할 수는 있다지만, 거기에 근거가 없다면 그냥 쓰레기일뿐임.",1.3천,없음
28,paper tiger,"인간이살면서 아는게없는데 욕심만많으면 어떻게 망해버리는지 정확하게 알려주는 그모습들, 이 시대를 살아가면서 참된 본보기가 되어주는 희생(?)과도 같은 찌질함에 경의를표합니다.",309,없음
29,지그미니,저 일본인들도 어떻게 보면 불쌍한거지 지들 정부가 대놓고 조작에 은폐에 거짓말하는 것도 모르고 세뇌당해서 저게 진실인줄알고 사는거잖아 이래서 나라를 이끄는 정치인들이 어떤 인간인지가 중요하지  아이들에게 부모의 가정교육이 아이들의 인생을 좌지우지할만큼 중요한것처럼 나라가 국민들에게 올바른 역사관을 인식시키는게 정말 중요하다는것을 일본을 보면서 느낀다,305,없음
30,미카💖,"솔직히 다른 나라에서도 독도 우리 땅이라고 하고, 일본 정부도 인정했는데  그러면 진짜 자기들끼리만 싸우는 중인 거 아님? 이 정도면 밖에서는 이미 싸움 끝남",4,없음
31,최희수,"I am a student at Jeonju High School. Watching this video, I was disappointed with the behavior of Japanese people. Conflicts would not have arisen if they had lowered their voices and spoke slowly without being angry. It will also be very helpful in resolving conflicts that have not been resolved until now. However, I do not think it is appropriate for Japan to be angry and not listen to Korea at all. I think that they need the ability or courtesy to try to listen to the other person's opinion even a little and if there is a problem, explain it with appropriate grounds. Before I end the article, I would like to say something. Dokdo is recognized as Korean territory by the whole world except Japan, and some Japanese people also recognized it. I would like you to have doubts about claiming these objective facts on fabricated grounds, and please reflect on them. And through this, I hope that Japan will know the truth about the atrocities that it has done to Korea and apologize for it.",44,없음
32,빙아현,진짜 난폭하고 무례하다 ㅋㅋ 우리나라는 일본이 와도 저렇게는 안한다 그리고 상식 없는건 지네고,0,없음
33,수렴렴 할때 계산산 하다 빡친 현우진,ㅋㅋㅋ 더 웃긴건 일본의 대부분의 역사학자들은 독도가 한국땅인걸 알고있다는 것 ㅋㅋㅋㅋㅋㅋㅋ 그저 왜곡 그 자체,1.6천,없음
34,윤은서,12:22 와 솔직히 참는거에 한계가 온다 ㄹㅇ...,404,없음
35,ddong,7:52 여기 아저씨는 진짜 순순히 인정 하네 ㄷㄷ 이런 사람들은 진짜 욕 하지 말아야함,503,없음
36,comedy mk,펀드니 주식이니 코인이니 다필요없는거같음 어렵기만하고 ㅠ 뱤/캬라/퓰/뱅/은 1도없음 진짜 너무 편하고 빠르고 ...ㄷㄷ,669,없음
37,장피에르,우리나라 학생들에게도 역사관을 가르쳐야합니다,73,없음
38,mr punitgour,뱤@캬@라!퓰!뱅 ㄷㄷ 직장인들 주시 비코로 지금 다 죽을라고하는데 나만 이거 알아서 살려줬네,1천,없음
39,김지환,일본 사람이 예의가 바르다는 것은 일본이 이미지 관리 차원에서 구라 친거 였네요 정말 일본은 다 문제네요 소수의 사람 빼구요,4.1천,없음
40,홍준성,김구라 선생님께서도정말 대단하시다.. 그 화를 다참으시고.. 그래도 떳떳히 취재 잘하셔서 존경스럽다..,174,없음
41,오주영,"난 적어도 평소에 일본정부는 미워해도 국민은 미워하지말자라는 신념을 가지고 있었는데 그 신념을 비웃기라도 하듯 일본 국민들의 가치관,태도부터가 문제네 우리가 독도가 우리땅이라는 걸 주장할때도 일본입장을 들어보려고 하는데 쟤네는 듣는거부터가 글러먹었어",3천,없음
42,유재경,0:35에 뭐하러왔냐면서 말해주려고 하니까 닥치라고하고 다시 질문 번복하는거 레전드네 진짜 능지 ㅋㅋㅋ,496,없음
43,히카리,9:11 여기 김구라 표정 개잼.. ㅋㅋㅋㅋㅋㅋㅋ 자막에 '지긋지긋'도 너무 웃기고 ㅋㅋㅋㅋㅋㅋㅋㅋㅋ,603,없음
44,Ch-보컬,독도가 자기네 땅하고 가깝다고 우기는건 진짜 황당..,13,없음
45,박으널따까리,과거의 언어까지 알려주고 역사도 주었것만 은혜를 원수로 값는 우리 일본이들💝,110,없음
46,여이은아,와 진짜 심각하다..,3,없음
47,토끼는토낏토,무식한 사람이 신념을 가지면 위험한 이유,317,없음
48,Ophelia,영상초반에는 열받다가 나중에는 너무 어이가 없어서 웃기네요 ㅋㅋㅋㅋㅋㅋ 계속 저렇게 무식하게 행동하면서 세계적으로 자신들의 민낯을 까발려주길 :) 해외자막도 달려서 많은 사람들이 영상을 보면 좋겠네요,166,없음
49,dhcjwjwif,공인이고 취재허가받고 간 공식적인 자리에서 싸움할리가 없죠 우리쪽이 덩치도 훨씬 큰데도 불구하고 눈 안 부라리면서 밀친다고 손 쳐내지 않고 그렇다고 밀리지도 않고 참은 취재진들에게 박수 👏 👏 👏,34,없음
50,도리도리,솔직히 일본인들이 우리라와서 기분이 쪼금 나쁘긴 하지만 그래도 속으로 화내거나 째려보면 되지 굳이와서 화내면은 안돼지..,1,없음
51,TV Brothers,목숨을 바쳐독립운동을 해주신 사람들 모두 감사합니다,428,없음
52,anna bri,아니 어디있는지도 모르면서 교과에 그렇게 실렸다고 독도는 일본땅이라고 우기다니 진짜 웃기는 사람들일세.. 성인이 되어서 좀만 알아보면 아니라는 것쯤은 쉽게 알 수 있을텐데,1,없음
53,브베원정대,이 영상을 하루빨리 해외에 퍼뜨려야합니다 외국인들은 일본이 친절한나라라고 알고있습니다 외국인한테만 겁나친절하기때문이죠 일본 독도의 역사 보러온사람에게 잘해주지 못할망정 저렇게 비매너적으로 행동하다니 빨리 실체릉 알려서 남은 원자폭탄 하나를 터뜨려야합니다,614,없음
54,꿀떡아🍡,일본인들 앞에서 '그냥 갔다 붙였다. 유치하다' 라고해서 ㄹㅇ속시원 사이다  👍,367,없음
55,꾸병장,아.. 진짜.. 김구라 대단... 저 성질에 말 알아들었으면 개쌈났을듯,433,없음
56,🥀옐룸뮈🥀,촬영하시는 분들도 대단하셔요…저같으면 욕하고 난리났을탠딩..;;,2,없음
57,뚜까,"요즘들어 더욱 느끼는것이 일본과 중국 의식수준이 비슷하다는 것. 그동안 일본은 선진국이라는 이미지가 있어서 그랬지만 원전사고나 혐한운동, 과거사 인식에 대한 부분에서 적나라하게 저질스런 의식 수준을 드러냈다. 진짜 중국과 일본 둘다 막무가내로 우기고 빼앗으려는  국민성이 소름끼친다. 우리는 최대한 객관적인 자료를 확보하고 홍보하는데에 최선을 다해야할듯",154,없음
58,off sent,일본이 독도를 자기땅이라고 인정받을수 있는 가장 좋은 방법은 다시 일제강점기를 이루면 된다 그전까진 어림도 없어~ 전세계가 일본편을 든다 해도 독도가 대한민국 땅인건 변하지 않는다,0,없음
59,깡국다람쥐,제작진분들 다음엔 설민석씨랑 마동석씨 데리고 한 번 더 갑시다,1.1만,없음
60,송정호,역시  올바른  역사교육이  중요함을  보여주는군.,12,없음
61,문,우리가 왜저런애들 때문에 우리집이 우리집인걸 설명해야 하지?  화난다 ㄹㅇ,278,없음
62,정민,아직도 알고리즘에 꾸준히 뜬다니. 좋다.,87,없음
63,멜로얄루알로요호호히,이런 유튜브 는 계속 주기적으로 올라와야함,49,없음
64,너구리TV,일본 사람들은 독도에 가 봤는지가 궁금하다  그럴거면 왜 한국에 와서 독도를 가고 일본에서는 독도를 못가는지 궁금하다...,10,없음
65,박경미,킬포는 3:50 ㅋㅋㅋㅋㅋ 무례하기가 저세상급인데 꿈쩍않는 묵직함 👏👏👏,486,없음
66,한han,일본에 십년 넘게 살다 왔는데 독도가 어디인줄 모르는게 진짜 현실이다 저런사람들 몇몇 사람들 대문에 시끄러운것같다,26,없음
67,Veroni,독도는 한국 땅입니다. 일본인들은 일본땅이라 하지만 일본인들은 정작 독도가 어디에 있는지 모릅니다! 대한민국 만세!,328,없음
68,누구세요,3:53 안밀리는거 개웃기네ㅋㅋㅋㅋㅋㅋㅋㅋ,486,없음
69,Corona,밀치긴 하는데 꿈쩍도 안하는거보고 개터졌네 ㅋㅋㅋㅋㅋ,61,없음
70,백호,아니 예를 들어 일본이 미국과 전쟁해 일본이 미국을 독재하며 하와이를 미국땅 이라 표기도 하고 했는데 미국이 자유국가 가 됐는데 하와이 보고 자기네 영토라하고 어디있는지도 몰라하는 거랑 뭐가 다른거지? 이러니 다른 착한일본인  까지 욕먹는거라 나만 생각 하는건가?,1,없음
71,Teel Light,오늘도 우리나라의 고유 영토인 독도를 지켜주시는 방위대 여러분들 항상 감사합니다.,48,없음
72,HAPPY NEW YEAR,위치도 모르면서 자기땅이라고 논리적이지 않게 우기는것이 정말 싫네요,8,없음
73,몰?루,"일본은 왜 한국인들한테 급발진함? 한국은 지나가는 일본인 잡아다가 ""꺼져!!!!!독도한국땅이야!!!""이지랄 안함  +물론 우리나라의 몇몇무개념인 사람들은 저렇게 할 수 있음 그치만 우리는 저렇게 모여서 다 큰 어른들이 그러지는 않음",5.4천,없음
74,K P.,일본은 에도막부인 서기 1600년대부터 독도가 자기땅이라지만 우리는 서기 400년부터 독도가 한국땅이라는 증거가 넘처나서 책한권에도 다 못적을정도로  증거가 많습니다.또 일본정부도 과거 독도와 울릉도가 조선땅(한국땅)이란걸 명백하게 인정했습니다.,40,없음
75,장홍석,이거 끝까지 본사람들은 인내심이 레전드다...,30,없음
76,수비니,자료관까지 있다니 대단하다 대단해…,0,없음
77,홍길동,ㅋㅋㅋㅋㅋㅋㅋㅋㅋㅋㅋㅋㅋㅋㅋㅋㅋㅋㅋㅋㅋㅋㅋㅋㅋㅋㅋ개웃기네ㅋㅋㅋㅋㅋㅋㅋㅋㅋㅋㅋ 쟤들 개그단체 아니냐ㅋㅋㅋㅋㅋㅋㅋㅋㅋㅋㅋㅋ너무 웃겨서 눈물콧물 다흘리면서 봤네ㅋㅋㅋㅋㅋㅋㅋㅋㅋㅋㅋ,180,없음
78,Ak Tech Gaming,뱤 캬 라퓰뱅 그냥 네이버 쳐봐도 나와요?,711,없음
79,생수코믹ت,독도가 우리땅이라는 증거 1. 우리나라 경찰이 지키고 있다 2. 일본 사람들은 여권을 챙기고 독도를 가야하는데 한국인들은 그냥 간다,1.5천,없음
80,ᄒᄒᄒ,저렇게 지네 땅도 아닌걸 맞다고 확실하게 우길수 있는선 다 저기 교육 때문이고 우리나라는 더 확실한 논리로 우리땅인 이유를 교육 받고 독도이 더 관심을 기울여야 이길수 있을거같네요,23,없음
81,oi oi,국가의 이름에 먹칠하는것은 국민이라는게 너무 와닿는 장면이다....,249,없음
82,최정우,대한민국의 모든 잼민이 여러분들 이 영상을 보고 할수있는 모든 욕을 일본한테 해주세요.,169,없음
83,chunsa82,왜 영어로 번역이 되지 않나요?  일본의 진실된 모습을 온 세상에 보여 주어야 합니다!! Please make this video (and all) English translation available!!!,23,없음
84,로블꿀잼!,"일본이 처음에는 ""독도는 주인이 없는 나라다."" 라고 했고요. 두 번째로는 ""사실 독도는 독도가 아니라 다케시마 였고 예전 부터 그 섬은 우리 섬 이였다."" 라네요. 그리고 인본이 대한민국의 도자기 만드는 것을 고문하고 따라 만들었다네요. ",1,없음
85,얼라이언스,관상은 진짜 과학이라는게 군대가서도 느끼고 여기서도 느낀다,36,없음
86,박상미,어렸을때부터 그런 주입식 수업을 했으니 일반인들은 그게 당연하다고 생각할수 밖에.... 일반인들 말고 정치인들 썪어 빠진 사회를 욕합시다!!,0,없음
87,그렇구나,아니 왜케 시비를 거는거야 일본인이 한국에오면 한국인이 일본인한테 아무 이유없이 독도는 한국땅 하는거 봤나 왜 죄없는 한국인한테 아무짓도 안한 한국인한테  다짜고짜 독도가아니라 다케시마라고 우기는거야 일본이 독도를 한국땅이라고 인정했는데 왜 눈이 없는것도 아니고 못보는건지 안보는건지 참... 니네가 독도 점거 하든가 한국한테 난리야,311,없음
88,김민성,저런 자신감과 용기는 어디서 나온걸까...?,50,없음
89,dsosw,그나마 저 빵 파시는 할아버지는 겸손하네,20,없음
90,스포츠꿀잼100%,처음 봤는데도 막말하고 손가락질하니까 보는 사람까지 화가 나네요 일본은 왜 이렇게 일본을 다케시마라고 하고 일본땅이라고 우길까? 자기네 땅이면 어디에 있는지도 알아야지 알지도 못하면서 무작정 자기땅이라고 하니 정말 화가 난다.,10,없음
91,뺭쟈니,아니 일본 국기 들고 올때 개웃기넼ㅋㅋㅋㅋㅋㅋㅋㅋ진짜 어이없어서 웃음밖에 안 나옴,12,없음
92,떠떵TV,아....일본 진짜 너무너무 화가나내요.!!,0,없음
93,김현수,진짜 역사가 곧 힘이다. 아는게 없으면 눈 뜨고 코 베이는거임 독도는 한반도 동해 바다에있으며 울릉도 바로 옆섬입니다.,421,없음
94,mumu K,알고리즘에 많이 떴음 좋겠다 ㅋㅋㅋ 일본인들의 몰상식한 민낯.,31,없음
95,정옥선,여러분 독도는 신라 이사부장군이 찾아 안용복님이 지키신 우리의 역사가 담긴 우리나라 고유의 영토입니다.,532,없음
96,송의선,화가나서 볼수가 없네요.. 왜 저렇게 화를 내지ㅋㅋㅋㅋ독도가 어디에 있는지도 모르면서 진짴ㅋㅋㅋㅋㅋㅋㅋㅋㅋ욕나오네,0,없음
97,오즈의맙소사,그와중에 김구라씨 화 한번 안내시고 차분하게 얘기하시는 모습 존경합니다~😊😊,9,없음
98,김우르,아닠ㅋㅋㅋㅋㅋ 가만히있는데 왜 시비걸고 난리야 ㅋㅋㅋㅋㅎㅋㅎㅋㅋ 겁나웃기네 ㅋㅋㅋㅋ,0,없음
99,high 1 doh,"참 좋은 프로그램인데, 더 진보시켜서 일본 일반인들 말고 진짜 일본 전문가들 불러서  토론 좀 해보자. 우리도 전문가들 나가고. 팩트를 갖고 토론하면 될 것 같은데. 일본 방송국 찾아가서 토론해보자. 지금은 그냥 서로 일반인들 끼리 벽보고 이야기만 하는거잖아.",2.5천,없음
100,흐고렛,김구라 짜증표정 너무 웃겨 자막 지긋지긋도 ㅋㅋㅋㅋㅋㅋㅋ레알 국민들 마음 대변ㅋㅋㅋㅋㅋㅋㅋㅋㅋㅋㅋㅋㅋㅋ,50,없음
101,방세진,너무 무례한거 아냐?;; 학교에서 남의 얘기를 경청해주자는 것도 배웠을텐데 어른들이  본보기를 보여야지 뭐하고 있는거야 적어도 조금이라도 존중하는 태도를 보여야지,183,없음
102,에밀리아,"제가 한때 일본학교를 다녀 봤었어요.  어머니께서 일본분이셔서 말이지요; 유치원때부터 초등학교 6학년까지 다녀봤었는데, 4학년때까지는 아무렇지안다가 한국 학교에서 독도나 그렇고 그런문제로 인해 자꾸 싸우게 되었어요..",14,없음
103,달빛소년,일본에서 살고있는 한국분들 존경합니다,2,없음
104,오병일,일본의 순기능...방송 콘텐츠의 창조아이디어 제공...거의 무기한... 역사를 바로 알아야된다는 국민으로서 자각을 준다..  그치만 모든 일본인이 저렇지는 않다는 것도 현명한 사람이라면 생각하고 있어야겠죠,0,없음
105,로제 안사람,4:06 꺼지랬으면서 자기가 꺼지는거 왜이렇게 웃기지 아,327,없음
106,모래,와...진짜...제가 어른도 아닌데 욕 아주 동네 흔들리게 할 뻔했네요,0,없음
107,롤리롤리몰리,일본인들이 다 화내고 있을때 김구라는 끝까지 참고서 독도는 한국땅이라고 차분히 설명하는 모습이 정말 멋지다,670,없음
108,임실 두메산골tv,7:52 음식 파시는분 착하시다   일본인분 인정하시다니 👍👍👍,65,없음
109,구선장,우리가 일본과 전쟁할 때 전쟁법이나 인권을 지킬 필요가 없다는 걸 잘 보여주는 영상.,1,없음
110,sarang757,우리도 교육 도서관 만들어서 교육 시켜야 겠네. ㅉㅉ,1,없음
111,슈퍼문,교육이 참 무섭습니다. 이유없는 믿음이 더 무서운 법이죠 우리도 독도에 대해서 더 많은 관심을 가저야 될것 같습니다,2,없음
112,고수연,독도는 아는데 왜 나라를 모를까 자기 나라도 아는데 진짜 나쁜 사람들,0,없음
113,조여정,와 진짜 화나서 미칠것같네 나 일본어 좀 할줄아는데 재들한테 가서 한마디 해주고 싶네;;; 진짜 일본애들 우익 되게 심하네 애들이 어쩜 저렇게 무례할수가 아휴;;;,257,없음
114,필터링없는새끼,마동석님이랑 같이 갔으면 아무도 못깝쳤을듯,307,없음
115,Jfevhe,일본 좋아하는데 과거에 있었던 일은 과거로 남길뿐 지금까지 끌어들여서 논란을 일으키는건 아니라고봐요. 하지만 독도에 대해선 이건 아니라고 생각합니다.  서로 존중해가면서 사이좋게 지내면 얼마나 좋을지..,0,없음
116,재희 정,ㅋㅋㅋㅋㅋㅋㅋㅋ 일본인들개웃곀ㅋㅋㅋ,0,없음
117,송용호송용호,우리가 돈 많이 버는게 저녀석들에겐 복수입니다 이 힘든상황을 이겨내고 모두다같이 성공해서 복수합시다 여러분!!,12,없음
118,Sun J,"한국인이 지키고 있는 ""조선의 나라"" 라고 이미 되어 있는데...  일본을 싫어하지 않지만 엉토당토 않는 한국이 지키고 있는 ""독도""에서 기념품이라는 말이 도저히 이해되지 않네요",0,없음
119,허상무,잘못된 역사를 바로 잡지 않고 밀어부치는 일본 정부는 정말 천벌 받아야 하는거고 그걸 그대로 믿는 일본 국민들도 한심합니다 일본이 국민성이 높다고 한국사람들이 예전에는 칭찬했지만 최근 보면 오히려 한국 국민들이일본 국민들에 국민성을  뛰어넘은것 같습니다,836,없음
120,junesong2,긴 말 필요없고 어서 힘 더 키워서 일본은 꼭 한번 침략해서 뭉겨줘야되는 나라.,5,없음
121,이서연,"우리나라와 일본이 독도를 두고 싸우는건 맞지만 솔직히 말하면 일본 쪽에서 자기네 땅이라고 우기는거고 우리는 계속 논리적으로 반박할 뿐, 그 이상도 이하도 아닌 듯 일본 우익들이 들을려고도 안하고 빼액하니까 끝나지 않는거지. 일단 일본 정부부터 그러는데 국민들에게는 뭘 바라지도 못하겠다.",185,없음
122,카고 cago,뭉쳐야 강한 힘보단 혼자여도 말할 수 있는게 진정한 강한 힘이고 내가 저자리에 있으면 이미 싸움 터졌을거 같다,14,없음
123,머저리보면 짖는 개,4:00 아닠ㅋㅋㅋㅋ 안 밀리니깐 끄응하면서 다시 가는거 겁나 웃김 ㅋㅋㅋㅋ,10,없음
124,Meena Meena,뱤캬-라퓰-뱅 은 워낙 유명해서 앞전부터 핫했는데 ;; 지금 선착 10자리만 받아준더던데 ?,508,없음
125,noodle,이걸 생방으로 풀로봤으면 얼마나 좋았을까,8,없음
126,별💫,일본사람들 뺨때리며 🐶소뤼하지말라고 소리치고시펑ㅠㅠㅜ,0,없음
127,DANA,한국: 너네들은 독도갈때 여권가지고 가야하지? 일본: ㅇㅇ 한국: 우리는 여권없어도 갈수있음 일본:ㅂㄷㅂㄷ(다맞는 말이여서),1.4천,없음
128,ᄋᄋ,아는게 힘입니다. 무작정 당연히 독도는 우리 영토다 에서 그치는 것이 아니라 우리나라 영토임을 주장하는 자료는 기본적으로 숙지해야하며 그 주장에 대한 일본의 반론 역시 파악해야 합니다. 깊게 들어가면 그리 간단한 분쟁이 아닙니다.,1,없음
129,우승화,방송 관계자분들 수고하셨습니다ㅜㅜ,0,없음
130,크크루삥뽕,가래가래 거리는거진짜로 개웃기네 진짜 ㅋㅋㅋㅋㅋㅋㅋㅋㅋㅋㅋㅋㅋㅋㅋㅋㅋㅋ,0,없음
131,화산귀환 청명 사랑 덕질,일본경찰 님은 독도가 한국땅 인걸 알고  사죄 하는게 정말 존경스럽다,6,없음
132,박제TV,화내던 사람들한테도 물어봐야하는데 독도가 어딨냐고ㅋㅋㅋㅋ,1,없음
133,김,초딩때 담임쌤이 영국에서 공부하실때 영국에서 역사 공부 할때 독도는 한국땅이라고 영국에서도 그렇게 배웠댔음 근데 반에 일본인이 있었는데 독도는 지네땅이래서 영국선생님이 아니 독도는 한국 땅이고 너네가 잘못 배운거라고 했댔음,1.1천,없음
134,오라오라오라무다무다무다,김구라가 침착하게 대처를 잘했네요 화가나도 참는게 좋은 대처를 한것같네요,0,없음
135,배성훈,"시민의식도, 예의도, 다른 나라 사람들에 대한 예우도 일본의 현실을 말해주네요",1,없음
136,[한쿡인 Mr. Oscar7],독도가 일본땅이라고 우기면 우린 일본땅이 우리땅이다,0,없음
137,merten kim,독도에도 해병대 나 특전사 같은  특수 부대가 주둔을 해서 더욱 강력하게 독도를 ,35,없음
138,다다 도도TY,아 진짜  어이 없네! 억울해 일본이 더 엉털인데! 기가 막혀서 참!,0,없음
139,펭가이드,아니 독도를 떠나서 인간대 인간으로 저따구로 대하는건 거의 1개월된 신생아가 예절가르친급인데?,661,없음
140,물개,김구라님 어이없다는 표정ㅋㅋ귀여우시다,0,없음
141,달사진,우리가 일본인을 싫어하는이유 근데 몇몇사람들때문에 마음이 아픔 한국이 좋아서 한국어를 배우고 역사를 배우는 몇몇사람들때문에 마음이 복잡해짐,354,없음
142,ᄋᄋ,0:57 이 분은 에도시대 때의 역사부터 라고 말씀하셨는데 우리나라는 신라 장군 이사부가 발견한 이래 신라의 땅으로 편입한다는 내용이 삼국사기에 있는데 ㅠㅠ큐큨ㅋㅋㅋㄹㅋ,214,없음
143,Irin,“진심으로 복싱을 배우고 싶었던날”,540,없음
144,잠자는숙소의 공주,다 소용없음~  곧  독도두  일본영토라구  주장하고 나설판인데~ 나라의 참담한  현실이  답답하다~,0,없음
145,성우 이,3:10 김구라가 더 크니까 눈 못 마주치고 그냥 나가라고 하는거 개웃기네 개그맨이야?,258,없음
146,J A A T F F,나라에서는 해주는것도 없고 자영업자인데 해당도 안되는와중에 뱤@캬라@퓰@뱅 알고나서 아빠노릇합니다..ㅋ,267,없음
147,슈가보이,와 독도가 어디있는지도 모르고 자기네 땅이라고 우기는게 진짜 충격이었다.. 자기집 주소도 모르는 주인이 어디있음??,767,없음
148,흠냐뤼,3:57 꿈쩍도 안함! 개웃겨 ㅋㅋㅋㅋㅋㅋㅋㅋㅋㅋㅋㅋㅋㅋㅋㅋㅋㅋㅋㅋㅋㅋㅋㅋㅋㅋㅋㅋㅋ,69,없음
149,이름 추천 받아요!,너무 속시원해요!  감사합니다!,10,없음
150,이승헌,와아~ 일본인들 웃기다 ㅋㅋㅋㅋㅋㅋㅋㅋ,0,없음
151,전깨비,아나 진짜 하... 김구라님  힘내세요,7,없음
152,네츠콩,일본인들  왜케  급발작함 ㅋ ㄱ ㅋ 찔리는거있어? ㅋ  한국인들은  걍 차분하게 아 한국땅이지  뭔. . 하고   넘기던데 ㅋ ㅋ,1,없음
153,kkkmmmjjj,일본인 들은 과거에 우리나라에게 한 끔직한 짓을 학교에서 가르치지도 않는다던데....그리고 옛날일본 지도에 독도는 한국땅이라고 적혀있던데...지들이 인정했으면서 인정할건 인정을 해야지 그리고 일본 1년에1cm씩 사라지고 있죠 제발 바다야 일본을 먹어줘ㅋㅋㅋㅋㅋ,206,없음
154,keith chung,"Dokdo can never be a part of Japan. In order for Japan to successfully claim Dokdo as their own, they must first prove that Ulleundo is a part their territory as well because Dokdo is the inseparable part of Ulleungdo. I personally believe that Japan's illegal occupation of Daemado is currently a much more serious concern to Korea than Dokdo purely on the reason that Dokdo is under Korea's territorial maritime jursdiction and Daemado is not. We must resolve the Daemado issue in very near future.",4,없음
155,YUNCHAN CHO,ㅋㅋㅋ 어디있는지도모르면서 자기땅이라우기는 일본의속 너무 재밌고,227,없음
156,배우수,와... 진짜 일본..... 다케시마 가 아니라 독도다.,1,없음
157,서연,3:54 심지어 밀치기까지?! 꿈쩍도 안 함! ㅋㅋㅋㅋㅋㅋㅋㅋㅋㅋㅋㅋㅋㅋㅋㅋㅋㅋㅋㅋㅋ,335,없음
158,ㄷ,저기서 쌍욕 안 날린 게 대단한데 진짜,0,없음
159,스파게티,김구라 원래는 참교육 시키고 싶었지만 참는 모습... 존경합니다,334,없음
160,Sedi ment,"실제로 일본과 한국의 역사를 쭉~ 보면 한국이 처음으로 독도와 울릉도를 발견하여 차지했고, 가장 먼저 국기를 꽂았으며 지도를 만들때부터 한반도 옆엔 독도와 울릉도를 꼭 그렸습니다. 또한 일본 역사에서도 오래전에 독도는 한반도에 속해있고, 독도가 한반도의 것으로 인정했다고 들었습니다. 하지만 이런 역사는 일본에세 묻히고 일제강점기때부터 학교와 독도에서 독도는 일본땅이라고 가르친답니다.",2,없음
161,지은일상,일본인들 너무 예의 없는것 같다 우리나라는 일본인을 나가라고 욕하진 않는데   일본인은 한국인이 일본에 들어오는거 자체를 싥어하는것 같다,203,없음
162,하승민,"김구라 님은 저런 성격, 대응이 너무 존셩스럽습니다",0,없음
163,모랭 부계,아니 김구라님은 일본어 몰라서 욕해도 화 안내심 ㅋㅋㅋㅋ,8,없음
164,네가,구라 형 일본말만 할 줄 알았어도 바로 제압될 텐데 ㅋㅋㅋㅋ,1,없음
165,쟌아사랑해,김구라 멋지다,0,없음
166,Hyunnyi Kim,일본인 인성을 담은 영상,2,없음
167,유희건,한국 사람이 일본 갔을 때도 한국은 독도땅이라 생각하는데 일본사람은 한국에 갔다오면 독도가 일본땅이 아닌 걸 알게 됨 알고보면 이게 젤 큰 증거임,276,없음
168,정미영,근데 저렇게까지 열심히 들러붙는게  웃기네ㅋㅋㅋㅋㅋ 진짜 정성이닼ㅋㅋㅋㅋ,3,없음
169,포켓남매,그냥 어이없어서 웃음밖에 안나온닼ㅋㅋ,3,없음
170,혤잉찡,우리 한국사를 진짜 화나면 어떻게 되는지 모르나본뎈ㅋㅋㅋㅋㅋ,1,없음
171,aksen wk,보면서 교육이 얼마나 중요한지 알고갑니다,2,없음
172,밸룬,한국인이 참는게 더 대단함..,3,없음
173,자희,경찰은 그래도 상식있는분을 뽑아서 다행 나라가 불쌍하다 경찰이 대신 사과나 해야하고 경찰입장에선 지 국민들 한심해 보일듯,231,없음
174,김영희,응원합니다👏👏👏👏👏,0,없음
175,재재재재,일장기 들고 들어오는거 겁나 웃곀ㅋㅋㅋㅋ이게 코미디짘ㅋㅋㅋㅋㅋㅋ,6,없음
176,시연 김,독도는 우리나라 땅이 맞습니다 울릉도가 동해안 강릉으로쳐 바다로 나가 130.3km떨어져있습니다. 그리고 그 울릉도에서 87.4km떨어져있지만 엄연히 우리가 먼저 발견했습니다.!!!,0,없음
177,사과나무늘보,JTBC관계자분들 존경합니다. 이런말을 받으면서 일본의땅의가서 이런것을하는자체가 너무 한국에 감사 하고 저도 엄청 감동받았습니다.,3,없음
178,훈발놈,제가 이영상을 보고 든 생각이 역사를 다시알고 일본에도 착한 사람이 있다는걸 알리고 싶어요,0,없음
179,이수빈,저런 인성으로 우리나라를 짓밟았구나,714,없음
180,학생,우리 학교쌤이 차라리 방탄이 군대갈거면 독도에서 있는게 일본한테도 잘알려줄수있을거라고 생각한답니다,66,없음
181,김건호,일본인들 옆에 사람들 없으면 혼자 저런짓 못함ㅋㅋㅋㅋㅋㅋㅋ 단체주의가 심해서 혼자서는 우물쭈물하고 있음,794,없음
182,토미차림,무지함의 끝은 어디인지 보여주는 영상입니다,1,없음
183,박상엽,와.....영상 보는 내내 뒷목아프다 그리고 이거 영어로도 부탁해요! 미국인 셰계인도 보면 무서워서 머.....그럴지도?,0,없음
184,쭈니,일본인 왜 이렇게 나쁘지. 일본인 너무해 ㅠㅠㅠㅠ,0,없음
185,김지훈,구라형 옛날 실력 함 보여줘야지 인방 감성으루다가..,1,없음
186,민악대,우리가 독도를 넘겨주고 도쿄를 가져오자(?)  아닠ㅋㅋㅋ 독도에 쌀이 안나는데 먼 쌀이얔ㅋㅋㅋㅋ,1,없음
187,ng l,저 정도면 깡패집단아닌가  떳떳하지 않으니 저러지;; 손가락질이며 표현 하나하나 정말 무례하고 무식해보인다 ~ 이와중에 밀쳤는데 안밀리는거 왤케 웃기냐 (03:54)ㅋㅋㅋㅋ  심지어 독도가 어디있는지도 모르는 사람들이 독도 지네땅이라 우기는거보면 그냥 한심 그자체. 독도에 관심1도없는데 그냥 일본이 몰아가니까 그런줄 아네~화이팅 ㅎ,224,없음
188,손우진,김구라가 가있으니까 뭔가 걱정이 안됨ㅋㅋ,140,없음
189,イヴ처돌이,3:55 ㅋㅋㅋㅋㅋㅋㅋㅋㅋㅋ겁나 웃었네  쨉도 안되는 게ㅋㅋㅋㅋㅋㅋ한번 밀어보니 쫄은 듯ㅋㅋㅋㅋ,1,없음
190,Marlon Demafelis,여러분들 이거 하나만 외칩시다 독도는 한국 땅!!!!༼✧ɷ✧༽,4,없음
191,아이언다비드,"일본을 좋아하는사람으로서 일본을 위해 한마디 하자면, 한국은 독도를 지키기위해 많은일을하는데, 일본은 독도를 빼앗기위해 하는것이 별로없다. 그러니, 일본쪽에서 포기를하는것이 일본입장에서도 훨씬 더 이득이다. 일본이 한국을 통해서 얼마나 많은 이득을 취하는지 생각해보면, 일본이 독도를 포기하는게 옳다.",1,없음
192,[팀독슬레이브]배클,일반국민 욕하지마세요. 저사람들은 그렇게 배웠기에 저렇게 이야하는것입니다 물론 우익들도문제가 있지만 결국 그사람들도 그렇게 배워서입니다,3,없음
193,̊살뺀다,"한국은 이런다 일본인이 한국에 오든 말든 상관 안쓰는데, 일본은 한국인이 일본에 오면 왜 뭐라고 하는걸까..",202,없음
194,정다인,"Takeshima belongs to Japan and Dokdo belongs to us. Takeshima means Jukdo Island and Bamboo Island, and there is no bamboo in Dokdo Island. On the other hand, Dokdo Island has the meaning of a stone island. Just looking at the etymology of the word proves that Dokdo Island is our land.",6,없음
195,선셋,재밌어서 중독됨,14,없음
196,Fire 2000,마지막 카메라 정리하는거 왜케 웃기냨ㅋㅋㅋ🤣,0,없음
197,마쮸,내가 피아노학원에서 독도는 한국땅(우리땅)을 연습을 다 해서 잘 치고 있는뎅 그걸 노랠 부르면서 피아노를 치며 일본인들에게 보여주고싶다,1,없음
198,J.Daegeon.Hyounwoo,원래 아예 모르는 애들보다 하나만 아는 애들이 진짜 무서운 애들이라 했습니다.,1,없음
199,안물어봤다요다야,참 어이없네 일본에서는 독도를 가지고 한국과 일본이 싸우고 있다고 배운다고 ?  원래 독도는 우리 나라껀데 그걸 가지고 싸운다는게 더 이상한 상황이지,370,없음
200,선욱,처음에 밀치는 아재 개웃기네ㅋㅋㅋㅋㅋㅋ 밀었는데 안 밀리니까 당황했엌ㅋㅋㅋㅋㅋ,1,없음
201,모든 게임,여기서부터 독일과 차이가 있는거임  독일은 자신들이 잘못한것을 정말 사과하고 학교에서 역사 열심히 배우는데 일본은 걍 다름,361,없음
202,독도는 우리땅🇰🇷,ㄹㅇ 찐으로 김구라씨가 못알아들어서 다행이네 ㅋㅋㅋㅋㅋㅋㅋㅋㅋㅋㅋㅋㅋ 썸네일 보고 달려왔습니닷 ㅋㅋㅋㅋㅋㅋ 독도 사랑♡,11,없음
203,YN,꼭 역사선생님이 되어야지,5,없음
204,이헤더^^,어디있는지도 모르면서 말하기는 다른나라에서 왔다고 함부로 해도 되는것 아니잖아요,0,없음
205,돌대가리쉐ㅔㅔ끼,13:49 일본인들수준 왜왔냐고해서 말하는데 닥치라하고다시 물어보는 참된인상 ㄹㅇㅋㅋ,55,없음
206,삑그리고다운,일본은 원래도 싫었는데 더 싫어졌다,2,없음
207,으음흠,설민석선생님이있어다면 역사에 역이라는 말도못꺼내는사람이 독도가 일본땅이라고 우기네 독도가 어디있는지도 몰르면서  독도는 한국땅이다!!!!!,453,없음
208,하핳,"0:56 말실수 하셨어요! ""타케시마는 원래 일본영토였고"" :X  ""독도는 원래 정말정말 대단하고 멋진 최고의 나라 대한민국 영토였고""이게 맞는말 입니다!",1,없음
209,토마토디,믿기지가않는다 21세기에 다큰어른들이 놀라워,0,없음
210,몽챠,ㅋㅋㅋ 독도가 지네들 땅이라면서 어디있는지를 몰라~대박사건! 좀 배워라배워,0,없음
211,난나,"저런 모습들이 내가 일본에 살면서 느낀 ""진짜 일본인""이다. 일본은 미화를 잘해서 뭐든 자기네껀 아름다운거 같이 잘 포장해서 이미지가 좋을뿐임.",0,없음
212,해파리,와 진짜 어이없네...,1,없음
213,믕,일본이 주장하는 내용  대한민국:1+1=2입니다  왜냐하면 수학적..,858,없음
214,착한사람,마지막 사이다네ㅋㅋ 다케시마 행사의 민낯ㅋㅋ,27,없음
215,Ramee J,이 영상보고 저혈압이 완치 되었어요👍🏼,9,없음
216,LIFE,아 진짜 볼 때마다 화나네 아니 역사적으로나 보나 뭐로보나 독도는 한국땅이라고 말하고 있는데 왜 인정을 안 하는지 이해가 안 가네  심지어 기록으로도 남아있는데 논리적이지도 않고 무작정 소리지르면서 가라고 하는 거 진짜 비상식적이다,0,없음
217,이은성,역시 그들의 인성👍👍,0,없음
218,기홍 권,아이고 힘드시겠어요,1,없음
219,뭐여,이 방송만큼 김구라의 삿대질과 뭐 씹은 표정이 편안한 적은 없었다,425,없음
220,찬이,정말로 교육이 중요한거구나..,3,없음
221,사나나,어디있는지도 모르면서 무조건 일본땅.. 무지하다 정말... 그 무지함이 칼날이 되어 돌아갈거다,491,없음
222,김귀정,김구라가 안때린게 레전드,0,없음
223,살고싶다,언제가는 한번 끝장을 보겠죠.  항상 마음에 간직하고 사시길 바랍니다.,1,없음
224,JU YEONG AHN,독도는 우리 땅 인데  일본이 자기네 땅이라고 우기는거  완전 어이없음.,0,없음
225,Bodybuilder dream,저게 일본의 현재 모습이다 ;; (절레절레) 대단하네요 대단해,0,없음
226,Aloysius Leitao,경기가 힘들어지니까 재테크좀 해볼까하고 알아보는데 딱 뱤!캬!라`퓰`뱅 추천받아서 쳐보니까 어우..,405,없음
227,빅터의 마술&리뷰,다 큰 어른들이 뭐하는 짓이냐ㅋㅋ 나이를 먹었으면 먹은 만큼 행동해야지. 전 욱하는 성격이 있어서 저런거 절대 못참거든요. 저기에 저 있었으면 나 일본 경찰서 갔을 수도 있겠군요.,256,없음
228,컴전용게정,3:50  한국인 : 단단해지기!,67,없음
229,Kevin Hwang,진짜 빈수레가 요란하다는게 딱 여기서 쓰는 속담이네,73,없음
230,루크tv,0:45 어디서 왔는지 말하고 있는데 닥치고 어디서왔는지 물으는거 무엇;; 아 원레 일본 양심이 이러니까 참아야지 ㅋㅋㅋ 우리가 일본 보다 커지면 바로 전쟁하고싶다. 그리고 독도가 어딨는디 몰르면서 자기땅이라고하는양심무엇 일본은 없어져야해 인정 하는사람  👇,3,없음
231,덧니,진짜 몇몇분 말대로 김동현 강호동 서장훈 추성훈해서 다시한번 가죠 일본,71,없음
232,요새허리가아프다,죽도록 맞아야 정신차리지 죽어버려도 상관없어,0,없음
233,Dkqprhvk,도망가는 이유:독도가 한국땅 이라는 증거가 나오자 반박할수가없어서   +일본인들은 대한민국오면  한국말합니까?? 한국인들이 일본인들을 만나면 다짜고짜 독도는 한국땅이라고합니까? 왜 그러는겁니까일본인분들.....,144,없음
234,Re,"어쩔수없음. 일본인은 섬나라 사람들이고, 자국의식이 강함. 이 두가지가 합쳐져서, (영토에 대한 정복의식 + 국익을 최우선) 엄청난 혼종을 낳게되는것.",0,없음
235,G.Master_Kim Ethiopia taekwondo,이런 영상은 영어 버전으로 전세계에 퍼뜨려야 합니다.,0,없음
236,둠상필,진짜 저기서 막 손가락질하고 대들면 한판 붙고싶다는 생각만드네,0,없음
237,검은프로필,극우들 너무 웃겨서 뻘하게 웃고 갑니다 ㅋㅋㅋㅋㅋㅋㅋㅋ,0,없음
238,창현 이,한국을 무시하지말자,0,없음
239,손지호,만약 진짜 타당한 이유가 있었으면 당당하게 인터뷰를 했겠지  할말이 없으니까 욕하고 큰소리만 치고인터뷰를 못하지.......,654,없음
240,다랑,아놬ㅋㅋㅋ 독도에서 나온 쌀? 일본분들 독도에서 쌀 농사하시나봐요? 독도에서 쌀농사를 하다니 얼마나 기술이 발전하셨으면..^^ 대단하세네여^^,4,없음
241,하이,이런 유익한 동영상은 제목에 한국어 말고 영어도 같이 붙여서 넣어주시먼 센스 굿 일텐데 일본의 만행 모든 나라 사람들에게 보여줘야지 부끄러운줄 알죠!!,343,없음
242,보리,12:37 발음 왤케 정확함?ㅋㅋㅋ,286,없음
243,윤광석,군사력만 강하면 그냥 해결 물론 외교홍보도 해야되지만,0,없음
244,박상규,"3:33 어우 깜짝이야! 얼굴 땜에 깜짝 놀랐어욬ㅋㅋㅋㅋㅋ 그러면서 독도 아니야 이러고 있는 일본의 세뇌식 교육이 에휴,,,,,😤",0,없음
245,허성률,ㅋㅋㅋㅋㅋㅋ 우리집 멍뭉이도 듣고 웃는다 ㅋ,7,없음
246,목화,12:31 독도라고 왜처줘서 감사합ㄷ 다캐시마가 아니라 독도라고 인정해주셔서 감사,2,없음
247,값삯,저 사람들을 저렇게 만든 일본 교육방식부터 일본의 무논리가 문제입니다. 저 사람들은 그 무논리의 꼭두각시이구요,202,없음
248,Pathfinder,뭔가 귀여워 ㅋㅋㅋ 어른들이 생떼쓰는 애들같아.,12,없음
249,이혜진,"이 밤에 화가 나네요,,, 제대로 된 역사를 함께 나누는 문화가 필요하다고 생각합니다,,,",0,없음
250,김건우,와 일본은 진짜 나쁜 녀석이다,0,없음
251,조이지윤,"진심 블핑이나,방탄이 독도에서 뮤비같은거 찍으면 .....❤🤭",482,없음
252,music good TV,"독도는 한국 땅 인데, 일본이 독도가 일본  땅이라는 것에 화가 납니다",0,없음
253,차련,"적법하게 취재 허가 받아서 촬영 중인 방송팀을 쫓아낼 게 아니라, 계속 달라 붙으면서 소란 일으키는 우익들을 쫓아내야 하는 거 아님? 어이가 없음",320,없음
254,수,14:10 초 한번 움직였는데 다 쳐다보는거 소름임,165,없음
255,하이루,ㅋㅋ마지막 대사 사이다ㅋㅋㅋㅋㅋ,0,없음
256,Meme Land,일본: 독도는 일본땅이야 한국놈들아!! 한국: 독도가 어디있는지는 아니? 일본: 독도은 한국땅이ㄷ...,2,없음
257,준서_blink,설민석:지식으로 조진다 마동석:힘 으로 걍 조진다,361,없음
258,Eargasm,개웃기넼ㅋㅋ그렇게 자기꺼라 주장하는 독도 어딨냐니까  아노....음... ㅋㅋㅋㄱㅋㄱㄱㄱㄱㅋ,1,없음
259,유가영,한국사람이 독도가는방법: '여권없이' 차타고 배타고  일본사람이 독도가는방법: '여권을 가지고''비행기'타고 차타고 배타고,4천,없음
260,천왕성왕자,하아;; 볼때마다 참 다시금 결의를 다지게 되네요,2,없음
261,과제싫음,에휴 너무 역겨운거 아님 일본인들 ㅋㅋㅋㅋ 독도가 지네 땅이라 우기면서 어디에 위치에 있는지도 모름,211,없음
262,일이 점점 커지고 있습니다,이 영상을 보고 일본어 공부를 하고싶어졌습니다,1,없음
263,fiona cho,이 날 김구라님 정말 스트레느 장난 아니었겧네요. 고생하셨습니다,0,없음
264,맨디tv,주장하는건 괜찮은데 근거가 있긴한가,0,없음
265,이짐승 Lee Gim Suong,이 영상이 일본의 인성을 알려준다,1,없음
266,곤 삭,일본이나 한국이나 똑같음.독도가 진짜 어느나라 땅이냐를 떠나서 쟤들도 그냥 독도가 일본영토라고 교육을 받아서 아무런 의심없이 독도는 일본땅이다라고 믿는거고 한국도 독도가 한국땅이라고 교육받고 그 교육이 진짜 사실인지 왜곡인지 의심조차 안해보고 교육을 그렇게 받았으니 한국땅이라고 믿는거고.,0,없음
267,RP 2009,김수미 할머니 가셨으면 딱인데...  일본우익: 다케시마는 우리 영토야!! 김수미님: 쟤 뭐래니? ,288,없음
268,박자편집 쫌 하는사람,이거보고욕벡번씀 1.독도가 지리적으로 우리나라 영토라는 것은 조선시대는 물론 삼국시대에도 독도가 엄연한 우리나라 땅이라는 것이 나와 있습니다.,5,없음
269,소현,일본인들의 저 특유에 지식은 없는데 우기는 능력과 거짓말과 섞인 말도 안돼는 말을 하는 능력 대단하다 정말,0,없음
270,천사토순AngelRabbit,반대로 생각해보세요 한국인이 무논리로 타케시마가 한국땅이라 주장하면 일본인도 어이가 없어요,0,없음
271,Geometry Dash PiaNoMen,3:53 안 밀리는 거 개웃기네 ㅋㅋㅋㅋㅋ,9,없음
272,놀라운 원숭이 [Amazingmonkey],근데 화낼필요 없는게 이게 티비에 나오면 전세계사람들이 일본의 찌질함이 다 노출됨. 감정 소비 ㄴㄴ,0,없음
273,su gar,저런 사람들은 제대로 알아보려고 하지않고 얕은지식으로 다아는것처럼 구는데 너무 어이가 없네 저런사람들도 문제이긴한데 일본정부도 너무하다 독도가 일본땅이 아니란걸 자기들도 알고있으니까 국민들이라도 세뇌시켜서 어떻게든 독도가 다케시마라고 주장하는 것봐 ㅋㅋ,197,없음
274,다크홍,정말 웃기네요. 이걸로 코메디 만들면 재미있을듯....,0,없음
275,이뽀뽀,ㅋㅋㅋㅋㅋㅋㅋㅋㅋㅋㅋ 일본 땅이라고 우기면서 어디있는지도 모르겠다고 한거 진짜zzzㅋㅋ,0,없음
276,정준환,이런거 보면서 느낀거지만 저부터라도 독도에 대한 역사공부는 해야 일본인들이 독도는 자기네 땅이라 우겨도 독도가 왜 한국땅인지 따질수 있을것 같아요,3,없음
277,예준,나같으면 멍빡쳐서 겁나 째려보고 소리 질렀을꺼 같은데... 존경스럽습니다,0,없음
278,멍청이 주원이,일본 말고 중국도 우리나라에 있는 걸 자기꺼라고 우기는 중국 도 있어,0,없음
279,L D,저건 뭐 어린아이가 가게에서 사탕 훔쳤는데 나중에 엄마한테 걸려서 혼나니까 내 거라고 우기면서 찡찡대는 거 같네....,284,없음
280,이쮸,ㅋㅋㅋㅋ화내는 톤 ㅋㅋㅋㅋㅋㅋㅋ너무 귀여워요 일본인들!!ㅋㅋㅋ이용진인줄,0,없음
281,조성수,독도가 한국땅이라는 결정적인 이유.  1.일본인들은 독도가 어디있는지도 모름.,293,없음
282,느프,이 영상 보면 하나의 일본어는 배울 수 있네 다케시마는 일본 땅이다를 알 수 맀음 ㅋㅋㅋㅋㅋ (일본이 싫은거 아니에요,2,없음
283,순타,출연진들 피지컬이 좋아서 적진에서 잘 비비네ㅋㅋ,2,없음
284,황격,"아니 ㅋㅋㅋㅋ 아,이제 나도 일본사람보면 저따구로 행동해야지ㅋㅋㅋ",0,없음
285,쁄,"대일본전도(1877년)엔 애초에 독도가 있지도 않았고 팔도총도(우리나라에서 독도가 표기된 제일 오래된 지도(1531년))에선 독도가 보였고 ,울릉도에선 독도가 보이지만 오키섬에선 독도가 보이지 않았고 안용복이 일본에 가서 독도는 한국땅이라는 문서를 일본한테 받아냈고 최종덕 님이  처음으로 독도에 주민 등록을 했다는 증거가 있다^^",1,없음
286,브릭 브라더스 tv,동석이형이 저런데 가서 한번 참교육하면 사이다가 따로 없음,0,없음
287,Cat Mr.,자기네들 땅이 아니라는것을 아니까 저렇게 필사적이라고 생각합니다..,262,없음
288,조조,일본국민성 너무웃겨ㅋㅋㅋㅋㅋㅋㅋ,0,없음
289,커맨드,7:52 그와중에 저기 가게분 개 친절 그나마 ㅇㅈ해서 빡.치.지.만 저분들 아니면 장문 이었다,6,없음
290,황대형,한국 실어하면서 우리나라 영화 왜보냐고 하면 영화도 자기네영화라고 할수도 ㅋ,1,없음
291,성민준,김구라 당당함 자신감 대단하다...!!,0,없음
292,현주 강,ㅋㅋㅋㅋㅋㅋ 겁나 웃기네,0,없음
293,ʕ•̫͡•ʔ•̫͡•ʕ•̫͡•ʕ•̫͡•ʔ•̫͡•ʔ ʕ•̫͡•ʕ•̫͡•ʔ•̫͡•ʔ•̫͡•,진짜 얼마나 찔리면 한국인 보자마자 독도가 지네 땅이래 ㅋ쿠ㅜㅜㅜ쿸ㅋㅋ,299,없음
294,🫒ISABELLA ELEANOR🍹,피리부는 사나이 뭐냐고 진짴ㅋㅋㅋㅋㅋㅋㅋㅋㅋㅋ,8,없음
295,nx lx,독도는 “한국” 땅 입니다. 우익 사람들을 만나면 화내지 마시고 독도는 한국 땅이라고 말하고 자리뜨세요. 저런 사람들 목소리만 큰 격 떨어지는 사람들입니다.,7,없음
296,남냥의 자유 체널,아니 자기꺼라고 우기는데 어디있는지 모르면 어떡햌ㅋㅋ,2,없음
297,엉뚱민이MINEE,하...김구라 대단하십니다 👍  일본들과 이렇게 이야기 하는거 만으로도 대단하신데..😎,0,없음
298,자까 구르미,와..떳떳하지 못하니까 막 소리지르는거 실화냐고ㅋㅋㅁㅊ,0,없음
299,Julia J,1. 취재진 : 독도는 어느 나라 땅입니까? 2. 일본시민 : 다케시마는 일본땅입니다. 그렇게 배워어요 3. 취재진 : 독도가 어디있는지는 아세요? 4. 일본시민 : 위치는 모르겠어요...(????),415,없음
300,김예은,진짜 한국인들도 어느 정도는 참았다... 근데 이 영상 보고는 도저히 참을 수가 없어서 욕 계속 하면서 봤다... 봐주는 것도 어느 정도가 있지...,6,없음
301,김하늘,독도가 일본땅이라고 일본인한테 그냥 저렇게 알려줘서 저렇게 아는거 같은데 그래도 저런 태도는 아니다;;,262,없음
302,권순용,김구라가 화내지 않고 버틴게 신기하다,8,없음
303,징징징,와...일본인생 레전드,0,없음
304,롤리팝,이분은 좋은뜻으로 말하는게 아닐까요? 독도는 일본땅이고 일본땅은 우리땅,0,없음
305,후진산,13:12 일본인들은 혼자선 무리인 일이라도 공동으로 행동하면 두려움이 없어짐. 속담으로도 '빨간불이라도 다 같이 건너면 안 무섭다'라는 게 존재할 정도니...,2,없음
306,딸기마시멜로우 작가,지들 땅 이라면서 어디인지도 모르는거 킹받내,1,없음
307,룰?루,일본학교 규칙 1.뭐든지 우리가 유리하도록 구라까라 2.역사는 우리만 좋게 구라까라 3.언제든지 구라까라,560,없음
308,김영찬,일본에 뭐하러 왔냐고 물어봐서 대답하는데 닥치라고 하고 다시 똑같은 질문하는거 킹 받네,1,없음
309,김제티집사,"그냥 제일 쉬운방법  일본인들은 독도에 살지 않지만, 한국인들은 독도에 삽니다 ㅎ",0,없음
310,부자 잼민이,김구라가 한짓 중 가장 잘한일,2,없음
311,Watchbug,"실제로 일본 분들은 착하신 분들도 많은데 극우세력들이 한번에 몰아오니까 저런일이.. 작년 초에 일본에 간 적 있었는데 거기선 한국인들을 오히려 좋아하더군요, 관광지이다보니. 이게 지역마다도 한국인의 인식이 조금씩 다른 거도 있을거 같네요.",7,없음
312,뿌쳐,일본인들 중에... 그래 이 영상처럼 조금 좋은사람도 있는데 이영상보고 젤 먼저 느낀게 '와 겁나 무식하네'임ㅋㅋ,0,없음
313,"슬(블프 현대리,렙대리합니다)",이야 지네들이 한국에다가 민폐란 민폐는 다 쳐놓고 한국인한테 아무이유없이 짜증내는게 정상인가? 게다가 독도가 지 땅이면 어디있는지 알아야지 옜날에는 주인없는 땅이라고 하고 할말 없으니까 지네 땅이라고 하는게 어이가 없네 저러다가 벌받지 대한민국 만세!,200,없음
314,길동,김구라 기 존나 미쳤네ㅋㅋㅋㅋ 딱 어울리는 프로그램임,2,없음
315,우주최강멋쟁이,대한민국 만세!  Long live the Republic of Korea!  大韓民国、万歳!  大韩民国万岁!,0,없음
316,퇴계원교회 한시엘,여윽시 독도는 우리땅이라는것을 잊지 맙시다,0,없음
317,이히리기,여기 왜 왔냐고 하고 닥치라고 하는거 웃음벨이넼ㅋㅋㅋㅋ,4,없음
318,격한리듬,가래가 들끓는 인간이 많내ㅋㅋㅋㅋ,0,없음
319,우기,일본에서는 역사 왜곡하고 중국은 걍 말할가치도 없고  ㅋㅋㅋㅋㅋㅋ 몇몇사람들이 문제야 맨날 우리만  피터져 중국이랑 일본이랑 둘이싸워라  한국 좀 내비둬라,342,없음
320,코숭이,화가 나긴 나는데 내 얼굴 표정은 어이 없어서  웃고 있따ㅋㅋㅋㅋㅋ,0,없음
321,𝐉𝐉𝐖,일본인들이 아무리 저 ㅈㄹ을 해도 독도가 우리나라 땅이라는것은 절대로 변하지 않는 사실이다 독도가 우리나라의 땅인것은 주장해야하지만 일본에 대해 직접적으로 대답하는것은,209,없음
322,musan Notre,김구라는 한국에서도 밉상이구 일본에서도 밉상인걸 알아야한다 존중해라,1,없음
323,밝은 하늘,결국 힘인것이다 그게 진정한 국제관계의 법칙이다 국제관계에서의 상식은 힘의바탕위에서 이뤄진다 그러니 우리는 군사력 경제력을 명확하게 키워야한다,0,없음
324,루가rg,커서 일본가려고 일본어 배우고 있었는데 이영상보고 가려고 하는걸 다시 생각해봐야겠네요 어떻게 해야할까요;^;?,0,없음
325,Min Seon,영어 제목이랑 영어 자막넣어주세용! 전세계가 봐야할 필수 영상이네 ㅎㅎ,0,없음
326,혤잉찡,마동석님이랑 강호동님 일본어 배워서 오셨으면 좋겠다,1,없음
327,오빠 빨리 좀 달리라고,일본: 독도는 일본땅이야 한국: 독도가 어디있는지 알아? 일본: 몰라 한국: 아... 답변 고마워,435,없음
328,김주미,김구라 멋있다 파이팅,0,없음
329,이름이없어,김구라 ㄴ데 이럴때 왤케 멋있냐 ㅋㅋ ㄹㅇ 상남자 ㅋㅋ,0,없음
330,파너,4:02아 겁나웃기넼ㅋㅋ,1,없음
331,resca,독도가 일본땅이라는 증거도 알고싶다 영상 속 자료관에 있는 증거들. 나도 독도가 한국땅이라고 지금까지 믿어왔고 일본 측 주장은 사실 들을 필요도 없다고 생각했다.  그런데 상대의 주장을 듣지도 않는것은 영상속 사람들과 다를바가 없는 것 같다.,0,없음
332,김선우•1분전,0:34 자기가 말하라 해놓고 조용히 하라고 하고 또 다시 말하라는 지능 클라스,0,없음
333,비트만수르,한국과 일본은 독도를 두고 싸우는게 아닙니다. 일본이 남의 것을 빼앗으려는 거죠. 독도가 어디있는지도 모르는 사람들이 독도가  자기네 땅이라고 우기는게 우습네요. 독도는 명백히 한국의 영토입니다.,167,없음
334,Kinda,이런데 일본으로 여행을 가는분들 대단해요 👍,9,없음
335,pop bom,일본은 배려심이 깊고 예의바른 나라 라고 알고있는데 참 예의가 바르네요,0,없음
336,영진 민,화난다😠아니어떻게독도가일본땜에,6,없음
337,혜성,근데 저렇게 생각하시는 이유가 위에서 공부를 저렇게 시켜서 그런거에요ㅠㅠ..,0,없음
338,CHJH☆,5:55 독도가 돌섬이라 쌀농사가 안되는줄도 모르고 자기땅이라고 주장하는 일본,1,없음
339,Sh Park,반대로 논리적으로 왜 독도가 일본땅인지 설명가능한사람이랑 토론하는형식으로 했으면좋겠네요. 다큰어른들끼리 애들싸움하는것도 아니고,260,없음
340,田中ササヤキ,일본어를 이럴때 일수록 배우고 역사 공부도 제대로 하여 일본인과 항상 싸울 준비 를 해야 합니다. 일본인 모두를 무시 하는건 아니나 왜곡된 역사를 알리는 사람은 무시 하시고 그들과 끝까지 싸워 독도를 지켜냅시다.,5,없음
341,멜판지,간단함. 한국사람들은 독도갈때 그냥 감. 근데? 일본사람들은 여권들고 감ㅋㅋㅋㅋㅋㅋㅋㅋㅋㅋㅋㅋㅋㅋ 풉,2천,없음
342,구르미,와 근데 김구라도 그렇고 일본가서 심지어 저런 사람들 한둘이도 아닌데 그 앞에서 떳떳하게 주장하기 신경쓰였을텐데 멋있다,0,없음
343,서현,영상보다가 3:50에서 개터졌네 진짜ㅋㅋㅋㅋㅋㅋㅋ안밀렼ㅋㅋㅋㅋㅋ,1,없음
344,마트에서파니팡,사람들 댓글에서 계속 마동석 찾는 거 개웃기네 ㅋㅋㅋㅋㅋㅋㅋㅋㅋㅋㅋ,5,없음
345,디옹,이런문제는 저런 태도로는 절대 서로 이해못하고 타협 못할듯 너무 예의가 없다..ㅋ,0,없음
346,IlCaMa- 일곡동 카밀 장인,애초에 일본인이랑 한국인들 싸가지 부터가 틀림 한국인들은 독도가 우리땅이라는 증거를 대고 말하는데 일본인들은 증거도 없이 ‘한국인들이 말하는건 다 엉터리야’ ‘독도는 일본땅이네’ 이유도 없이 이유는또 하나밖에 없음 ㅋㅋㅋ 전시회에 써져있어!! ㅋㅋㅋㅋㅋ ㅇㅈㄹ,485,없음
347,유동명,09:18 상대 안 해주니 당황ㅋㅋㅋㅋㅋㅋ,1,없음
348,MS GAMING (M),아 뱤캬 라 퓰뱅 들어봤어요 초보자들도 쉽게 접목할수 있다던데 홀짝이랑 비슷한데 먹튀도 없다구,41,없음
349,김자상,지들은 독도가 어디있는지부터 알고 입을 나불거리든가 어딨는지도 모르면서 지네 역사도 모르면서 참 별짓을 다한다.,1,없음
350,어그로아님,다리부터 머리끝까지 화가 치밀어 오르는 영상,0,없음
351,현수 장,이 영상은 전 세계 사람들이 봐야한다고 봅니다... 독도는 한국 땅!!!🇰🇷🇰🇷🇰🇷🇰🇷🇰🇷🇰🇷🇰🇷🇰🇷🇰🇷 🇯🇵❌❌❌❌❌❌❌❌,1,없음
352,신유빈,ㅋㅌㅋㅌㅌㅋㅋㅋㅋㅋ 한국인이 존나 맞는 말만 하니까 팩폭 맞고 쫄아가 걍 같은 말만 내뱉으면서 뒤로 빼네 ㅋㅋㅋㅋㅋㅋㅋㅋㅋㅋㅋㅋㅋㅋ,360,없음
353,박시현,4:00에 ㅋㅋㅋㅋㅋ밀치는데 안밀쳐지는거 ㄹㅇ 개웃김ㅋㅋ 그냥 진짜 막무가내로 우기는구나,0,없음
354,jun park,........감사합니다... 제가 왜 살아야하는지 깨달았습니다,0,없음
355,구르미,진짜 추하다 추함의 바닥이구나 ㅋㅋㅋㅋㅋ,0,없음
356,praise blessed,김구라 멘탈 강한네.,0,없음
357,으앙으앙,하 진짜 보면서 욕나오는거 참았다,0,없음
358,Sykov's katarina,이건 일본정부의 잘못이큰듯. 무식한것도 죄긴하지만 교육을 잘못하고 있으니,278,없음
359,ᄋ,ㄹㅇ 피가 거꾸로 솟네 ㅋㅋㅋ,11,없음
360,하이,ㅋㅋㅋㅋㅋ 처음보는사람에게 욕박고 밀치고 손가락질을 하는데 일본이 예의를 가장 질 지키는 나라라고? ㅋㅋㅋㅋㅋㅋㅋ 일본인들은 역사공부 할 지능도 없는거임?,424,없음
361,검정이,3:58밀었는데 안밀리는거 래전드,31,없음
362,만준,3:50 힘으로 못밀쳐서 당황하신 일본 꼰데쒸,253,없음
363,244임,3:55 저 비리비리한 체격으로 저런 사람을 밀치는게 되나....😅,0,없음
364,oo pp,"그냥 서로 미국한테 당하는거에요. 우리 주장은 옛 선조부터 독도는 우리땅 이였다는 주장이고 , 일본 주장은 일제강점기 때 독도 우리가 검거했는데 왜 니네 땅이냐고 우기느냐 이거에요. 그런데 중요한건 우리가 광복했을 때 미국에서는 분명 독도를 우리에게 돌려준다고 했지만 독도문제를 일본과는 제대로 협의를 안한거죠(혹은 미국이랑 짜고치는 고스톱인거죠.) 그래서 미국은 지금까지도 독도 문제 가지고 중립의 형태를 띄고 있는 것 이며  ,  이유는 한국과 일본이 서로 으르렁거리는 것 마치 족쇄를 채우는 것과 같아요. 왜냐면 독도가 누구땅인지 세계에 알리기 위해서는 미국의 역활이 중요하기 때문이죠. 그리고 어려서 잘모르거나, 혹은 정말 애국심이 불타서 양국간 서로 헐뜯는 사람들도 있지만 앞서 선동하는 행동대장 라인들은 거의 정치판에서 손쓴애들이에요.",1,없음
365,김현민,저희가 할 말을 (안 그런 사람도 있겠지만)일본사람들이 하고 있네여^^,0,없음
366,글피부터,다 떠나서 여기 나오는 일본사람들 너무 무례하네요. 기분 더러워지는 영상. 일본은 좋아할래도 좋아할수가 없는 나라네요. 뭐 인권문제나 전범문제가 아니라도 그냥 지들이 우릴 싫어하는데 우리가 어떻게 좋아합니까.,614,없음
367,대수,진짜 김구라가 참은게 대단한거임 일본어 잘했으면 저사람들 그냥 아무말도 못함,0,없음
368,우울한 희망,일본인들은 소설을 잘써서 애니가 많나봥,1,없음
369,자 발 적 매 춘,영토는 국제법(1952년 샌프란시스코 강화 조약)가 정합니다.독도는 우리영토가 되지 않았습니다.,1,없음
370,아파치,이럴 땐 듀얼로 정하는 것이다 각자가 가져온 역사적 자료 카드의 신빙성과 빙신성을 체크해가며 승자를 가린다,1,없음
371,방용이방,일본문서에도 한국땅 표시 되어있고 한국땅을 자기네라고 우기는 일본 삐기가 나쁘네요,0,없음
372,ᄒ나야,근데 암만 봐도 너무 무례한데 ㅋㄱㅋㄱㅋㄱㅋ ? 일본땅에 갔다고 무슨 일본말을 써야해 여행을 간거라 쳐도 엄연히 그 나라의 사람인데 무슨 언어를 쓰든 보장받을 권리가 있는데 ㅋㄱㅋㄱㅋㄱㅋㄱㅋ 외국인들한테 말해봐라 어처구니 없어할껄 ㅋㅋㅋㅋㅋㅋㅋㅋㅋ 무례해도 너무 무례하다 ㅋㅋㅋㅋ,341,없음
373,쌤쌤이,큰분이 가시니까 든든하다,0,없음
374,고양이이,황철순 같은 헬창 분들이 저런 거 해봤으면 좋겠다ㅋㅋㅋ,5,없음
375,김소리,일본인들 그럼 이거 해명좀. 본인들 땅이라면서 왜 독도에서 본인나라 사람들이 아닌 대한민국 사람들이 보초를 서고 경비를 서는지 아님 일본 경비대가 있는데 내가 모르는건가?,1,없음
376,ᄒᄋ,"쟤네들도 우리랑 같은생각일걸요 우리도 당연히 독도는 우리땅이라 생각하는것처럼 쟤네도 당연히 독도는 일본땅이라 생각하는거죠 그래서 둘다 상대방주장은 아에 무시하고 자기주장만 맞다고 생각하는거구요 독도가 우리나라땅은 맞습니다만, 우리도 일본이 지네땅이라고 말하는거 솔직히",0,없음
377,엄마예린,아나~ 진짜 일본왜그럼,1,없음
378,J UNE,한국 초딩들 한테 물어봐도 “울릉도 동남쪽 뱃길따라 200리 외로운 섬하나 새들의 고향”이라고  대답할 수 있습니다 ^^,2천,없음
379,언스 [Unstoppable],"""천재는 스스로 바보라하고 바보는 스스로 천재라 한다."" 무언가가 당연하면 그 주장은 펼치지 않는다. 한국은 당연히 독도가 일본 땅이라 생각한다. 하지만 일본은 그 주장이 완벽하지 않기에 주장을 펼치는 것이다.",1,없음
380,〰 〰,한국 : (논리적) 예전 몇년도에 어디책에 일본과 독도는 관계없다 써있음. 일본 : 아 몰라 다케시마 우리꺼 빼애애애애액,305,없음
381,홀리몰리,지금 다시 봐도 진심으로 명존쎄 날리고 싶네,0,없음
382,Lalalala,"1:03 이 분은 마지막까지 자기주장이 아니라 일본정부가 어떻게 주장하고 있는지를, 그리고 그렇게 이야기하는게 일본의 한계라고 하셨는데,정말 객관적으로 이야기하셨는데 마치 자기가 주장한 것처럼 나오시네... 맨처음에 작게 일본정부가 라고 나왔지만 이건 마지막까지 객관적으로 일본정부가 어떻게 주장하고 있는지를 설명해주신 어르신한테 너무하신 것 같아요...",11,없음
383,최정근,독도는우리땅 응원 합니다,1,없음
384,정우찬,마동석 행님이 와서 모두다 진실의 방으로 들어갔으면 좋겠다,11,없음
385,잼민 김,독도가 어디에 있는지도 모르고 일단 무작정 독도가 자기네 땅이라고 우기는 일본인들이 참 한심함 독도는 경상북도 울릉군 울릉읍 독도리에 있습니다.  독도는 우리땅!!!!🇰🇷,0,없음
386,O_O,아니 ㅋㅋㅋㅋ 이거 진짜 애들이 남 장난감 훔쳐서 지꺼라고 하는거랑 똑같은데 ㅋㅋ 찔리면 친구들 부르고 ㅋㅅㅋㅅㅋ한심,298,없음
387,ᄒᄒᄒ,3:59 저기서 안밀리는거 개웃기네ㅋㅋ,2,없음
388,뀨잉뀨잉,3:54바로빼는거 개웃기넼ㅋ,0,없음
389,무전머가리,태어나서 7만 댓글은 처음본다... 역시 독도는 우리땅!,1,없음
390,삐용,무논리 우익에 진저리 나네요 ㅋㅋㅋㅋ친구 데려오는거 너무 웃겨,0,없음
391,로지roji,자막 ㅈㄴ웃곀ㅋ,0,없음
392,esk J,일본 : 보물은 내꺼야! 한국 : 그럼 그 보물이 어디에 있는지는 아느냐? 일본 : 몰라 내꺼야!그냥 내꺼야!,1.2천,없음
393,¿ 강아지 friend ¿,아닠ㅋㅋㅋㅋㅋㅋㅋㅋㅋㅋㅋㅋㅋㅋㅋ그렇게 꼭 해야돼닠ㅋㅋㅋㅋㅋㅋㅋㅋ일본 국기 갑자기 개  웃곀ㅋㅋㅋㅋㅋ흐ㅏㅎㅋㅋㅋㅌㅌㅌ,0,없음
394,김영준,김구라가 방송이라서 많이 참고있네요,3,없음
395,건우 이,와...일본 ㄹㅇ 선 넘네 어디 있는지도 모르면서 지들 땅이래 독도는 한국 땅!,0,없음
396,꿈나무tube,와 늣게 영상 보구있지만 독도에 쌀이 유명했구나!!! 역시 쌀은 독도쌀이지  일본인들 대단하다,0,없음
397,조은빈,일본 정부는 진짜 어이 없네요!! 자원 때문에 지들 땅이라고 하고 미국이라고 하면 하와이가 자기들 것이라고 하는거네  진짜 어이가 없네!,0,없음
398,Ten Air 항공교신,제작진 보고있으시면 이거 영어로 자막이랑 제목붙여서 올려주세요 일본이 어떤 나라인지 세계인들이 알아야 합니다.,868,없음
399,치에이크,ㅋㅋㅋ구라아저씨가 키랑 덩치가 커서 난리 더 안친듯,16,없음
400,앙쥬,이제는 짠하다.. 이성없는 짐승처럼 같은 말만 반복하는 앵무새 그 이상 이하도 아니네요.. 그냥 사람이 아닙니다.. 대화 해보려고 해봤자 헛수고네요..,339,없음
401,백앙꼬ᨼ ᩚ,무지성 가래 빌런 개 웃기ㅁㅋㅋㅋㅋ,0,없음
402,마 쪼리나 쪼리믄 쪼린다하든가,11:16 ㅋㅋㅋㅋㅋㅋㅋㅋㅋ 표정 ㅋㅋㅋㅋㅋㅋㅋㅋ,0,없음
403,Demon,서로 우기지만말고 주요인사들 모여서 청문회 토론 식으로 증거제출과 논의로 확실하게 정하고 인정하면되지않나 현재로썬 대화조차 불가한데,0,없음
404,Lo,이제는 저걸 보고 일본에 대한 관심이 뚝 떨어졌다.,0,없음
405,박지민,지능의한계 ㅋㅋㅋㅋ,0,없음
406,범궁이,한국에서 길가는 사람들 아무나 붙잡고 독도는 어딨냐고 물어봐라 어린아이 어른 누구나 상관없이 울릉도 동남쪽 뱃길따라 이백리라고 대답할거다 ㅋㅋ,421,없음
407,Suh Kevin,김구라씨가 찍은 수많은 촬영 중 가장 멋있어보였습니다.,1,없음
408,혤리몰리,미동석 설민석 해석 해주는 사람 PD만 있으면 되는데 마동석이 캐리 ㅋㅋㅋㅋㅋㅋㅋㅋ,1,없음
409,학생5511,몇몇 일본인들도 갬념이 없구나...,1,없음
410,jaeheich,"13:01 이건 욕하는게 아니라 팩트 : 일본인들 습성이, 혼자서는 잘 나서지 않지만 조금만 모이면 날뛰는 스타일. 리갈하이라는 일드에서도 이런 일본의 집단선동에 관해서 완곡하게 비판하는 걸 볼 수 있음.",13,없음
411,Korean!🇰🇷,애초에 독도가어디있는지몰르면  그냥 독도에대해서몰르는거아님?? ㅈㄴ웃기넼ㅋ,1,없음
412,김건우,역사가 인정했고 등기부등본에도 한국땅이고 독도경비대도 한국사람이고 독도에있는 의용수비대 기념관이 니들이 무식하게 뺏으려했던 땅이었다는증거다 .결국은지켜냈고 현재도 앞으로도 우리땅이다. 논리적.근복적.역사적으로 너희들은 니들땅이라고 말할자격없다. 과거에도현재인지금도 독도를위해일하고있는 관계자분들께 너무감사합니다.,655,없음
413,_M_유리아,근데 멋있다 많은 사람들 앞에서 당당하게 독도는 한국땅이라고도 말하고 더 멌있다는건 빵 파는 사장님 앞에서 지적하는게 멋있다,1,없음
414,에라이쉬부래,2021년 여름에 올 태풍아 조금만더 힘을내다오!! 조금더 벌크업해서 일본으로 가면 된단다~^^ 힘을내다오~^^,0,없음
415,🦋루아🦋{레몬즈},와...일본인들 이 독도가 지들꺼라 하는거 보고 폰 부실뻔;;; 근데 지들꺼라면서 모르는건 뭐임ㅋ,0,없음
416,ᄒᄒ,11:35 진짜 아무 이유 없이 급발진하네,8,없음
417,한수지,일본놈들 겁나무식함ㅋㅋㅋㅋㅋ 욱이면다인줄암ㅋㅋㅋ  이거보면서 방송 찍는다고 참은 김구라 겁나대단함!!,0,없음
418,명란젓코난,독도는 한국땅   独岛是韩国领土,5.4천,없음
419,존제임스,아무리 방송이지만 아오 구라형 진짜 잘참는다..,0,없음
420,카타르시스,독도라는 곳은 존재하지만 다케시마라는 곳은 존재하지도 않는데 다케시마가 어딨는지 모르는건 당연하겠죠,277,없음
421,s j,그나저나 03:48 이장면 완전 코메디인데욬ㅋㅋㅋㅋㅋㅋㅋㅋㅋㅋㅋㅋㅋㅋㅋㅋㅋ,3,없음
422,박슬지,그냥 한마디로 개웃경ㅎ,1,없음
423,푸루tv,독도가 어딨는지도 모르면서 지들 땅이라고 주장하는 일본이 참...,0,없음
424,채효주,일본:다케스마는 우리땅이야 한국:그래 그 대신 조건이 있어 일본은 우리 한국 땅이야 ㅋ 일본: ... 제가 이 글을 작성 하면서 도독땅이 일본거라고 했을때 한국이 그래 라고했때 정말 죄송합니다 🙏,0,없음
425,송원영,한심하다... 저러니까 일본에 수준이 얘전에 멈춘거지,0,없음
426,도팔,일본인들 말 일본인'독도는 일본땅 이야' 한국사람'이유가 뭔가요 일본인,414,없음
427,승현,우린 뱃길따라 이백리 외로운 섬하나 새들에고향 이라 배웠습니다,10,없음
428,양건우,그나마 마지막에 경찰이 제일착하네 사과도하고,1,없음
429,IDK_HIKU,지네 나라 꺼라면서 어디있는지도 모르는 일본인들에게 법규를,0,없음
430,Cindy518 Fanpage,이거 은근 잼 있어서 계속 보게 댐!!,3,없음
431,이송송,뭔가 일본인 한테 미안한 기분....,0,없음
432,이쑝이,일본여행좀 가지맙시다. 이런거보면서도  한국사람이 잴많이  여행가는거같던데.. 코로나땜에 지금은  못가지만  앞으로도  일본은 아웃...,221,없음
433,ᄏᄏᄏᄏ,보는동안 주먹에 힘이 계속 들어가네,1,없음
434,아니 닉넴 뭘로 하지,13:49 아니 뭐하러 왔냐고 물어봤으면서 닥치래ㅋㅋㅋㅋ,508,없음
435,리제이,일본은 어쩜 저렇게 한결같이 뻔뻔스러울까,0,없음
436,자아주의,영상 초반 부터 시청자들의 과몰입을 너무 유도하는식의 편집이라 시큰둥하게 봤으나 저게 모두 사실이고 저 화난 일본인들이 앞뒤 맥락도 없이 정신병 걸린거 마냥 독도는 일본땅이라고 무한 반복 하는게 연출이 아니라 실제 상황이 맞다면 매우 실망스럽네요 실제상황이라고 믿기 힘들 정도에요,0,없음
437,로블 의 정시피,제친구가 일본인 인대 그 친구는독도가 한국땅이래요,1,없음
438,희락,가정교육을 독학한 불쌍한 친구들입니다 욕하지 말고 폭력으로 대해주세요,158,없음
439,정고운,"마동석에다가 설쌤 or 큰별쌤 데려가서 논리, 물리로 설명합시다!",0,없음
440,김준식,저기서 일본어 잘하는 한국인이 그때그때 반박해주는 장면 있었으면 통쾌했을텐데..ㅠㅠ 아쉽다.. 일본어 공부나 한번 해볼까..,205,없음
441,아름,책을 딱 한 권만 읽으면 어떻게 되는지 보여주는 것 같다,0,없음
442,강태공,중요한것은 일본국민은 독도가 다케시마라는것입니다 교육이 중요합니다 일본인들은 그렇게 생각하고 그렇게 교육받고있습니다,0,없음
443,성병선,저사람 들은 지옥을가야되,1,없음
444,SMK HERA,때로는 학교쌤&엄마 말이 틀릴때가 있는 법.,1,없음
445,리듬게임 마스터,ㅉㅉ..일본인 그래도 착한 사람들 있을줄 알았거든? 이거 보자마자 생각 싹 바뀌드라...,0,없음
446,정우성,우리나라 사람들은 독도가 당연히 우리나라 땅이라 굳이 티 안 내는데 일본은ㅋ,735,없음
447,레하,3:55 밀쳐도 안움직이는거 개웃기네 ㅋㅋㅋ뻘쭘해서 퇴장,1,없음
448,가능,비매너의 끝을 보여주네,0,없음
449,기요미,근데 본인들 영토 가는데 원래 여권이 필요했었나? 진짜 위치도 모르면서 빼액 우리꺼야 하는거 난도질 마렵네,0,없음
450,musan Notre,일장기의 상징은 음침하고 수줍고 내성적여서 겨우 꺼냈던 여신아님.. 그러니 다들 민감하고 조심스럼,2,없음
451,랩터블루(RB!J.Y),따라오는거 개 웃기네ㅋ,0,없음
452,비스비,3:57 꿈적도 안하는거 개웃기네ㅋㅋ,0,없음
453,루브,ㅋㅋㅋㅋㅋㅋㅋㅋㅋ 자기네 땅을 안다면서 해놓고 모른덱 ㅋㅋㅋㅋㅋㅋㅋㅋㅋㅋㅋㅋㅋㅋㅋㅋ,0,없음
454,안녕하세여,너무 자신만만한게 짜증나고 기분이 나쁘네요,0,없음
455,마크오리,이거 하나 말하면 일본 역사학자 중에서 독도가 일본 땅이다 라는 학자는 아무도 없어요,0,없음
456,이시온,일본 학자 중 독도는 일본 땅이라 하는 학자 0명ㅋㅋㅋㅋ,0,없음
457,루체테.Lucete,그냥 일본정부가 나쁜건줄 알았는데 그나라 그시민 이구나...독도 주장을 떠나서 기본적으로 예의가 없네,491,없음
458,08,저런놈들을 욕해주시는 사이다여러분이 이시대의 독립투사이십니다,0,없음
459,TaRe NeKo,섭외한애들 연기 넘 못한다궄ㅋㅋㅋㅋ,0,없음
460,Eifel Lee,한국인들은 여권이 없어도 독도에 갈 수 있지만 일본인들은 여권이 필수적이다. ㅎㅎ 뭐다? 독도는 한국 영토에 소속됐다.,684,없음
461,x_x,"일본이 독도를 자기땅이라고 우기지만, 우리 땅인 결정적인 근거 1가지  1 ) 세종실록지리지에서 우산(독도)과 무릉(울릉도) 두 섬이 울진현의 정동쪽 바다에 있다. 두 섬이 서로 거리가 멀지 않아 날씨가 맑으면 볼 수 있다.",0,없음
462,정정희,내용없이  어거지쓰는모습이   어째 짠하다,0,없음
463,쭈니냥tv,독도위치 동경131 북위37 인데 모르면서 지네 땅이라고 우기는게 어이없음.,0,없음
464,김민성,7:52 그래도 할부지 양심은 있으시넹...,1,없음
465,미호룸,"교육의 중요성.. 사실을 가르침받지 못하고, 도덕마저 배우지 못해 거부감정도가 아닌 혐오감으로 먼저 바라보는 화나고 슬픈 현실... 독도는 한국땅입니다. 아무리 우겨도 역사는 진실만을 말하니, 적당히 했으면 좋겠네요. 앞뒤 안가리고 일단 욕부터 해대니 한국인도 자연스럽게 일본 자체에 거부감이 생기고 참..",0,없음
466,준서,하...일본은 왜 독도를 일본땅이라고 하는지.. 이해가 안가네.. 독도는 한국땅인데..,187,없음
467,이상민,어 너무 꿀잼 잼민이가 귀 막고 아아아 하는 거임ㅋㅋ,30,없음
468,Kim Lionel,10:42 그러게 손가락질 김구라 주특긴데 ㅋㅋㅋ,198,없음
469,경은 임,아니 머리가 없는건가 일본진짜  왜저람? 아니 지들이 그 독도 지들꺼라고 생각하는것도 이상한데 그냥 일반인한테 나가라뭐라 난리하는게 진짜 뭐하는건지 진짜 하..,0,없음
470,임형수,일본인들:(독도가 어디있는지 상관 없음) 돠케시마는 일본 땅이.....땅.......ground야! 한국인들:(독도가 어딛는지알음)무라 씨부러 쌌누!,0,없음
471,off sent,나라면 저기 다 박살냈을텐데 기왕가신거 다 박살내고 오시지 왜 그냥 계셨어요 오히려 방송이 더 흥행했을텐데,0,없음
472,a good citizen,일본에 한국사람은 오지 마랍니다. 절대 관광은 가지 맙시다.. 일본에 오지 말라내요.. 우린 일본분 관광와도 됩니다..,207,없음
473,함우태,3:16 무서워서 그냥 지나감 ㅋㅋㅋㅋㅋㅋㅋ,0,없음
474,라미,존나 당당하게 말하는게 개킹받음..,0,없음
475,DANONE TAP,당일날 바로 소액으로 뱤캬/라퓰/뱅 당일환젼 해주던데 뱤`캬`라`퓰`뱅 먹튀도 없고 돈도 벌고 지금 선착 20명만 받는데,434,없음
476,Arin Ryu,내가 저기 있었으면 한국의 매운맛을 쫌 보여줫을텐데,0,없음
477,Babar B.S,"요즘 뱤 캬라 퓰뱅 이라고 주식,코인보다 좋음 ㅋㅋ 돈벌기 좋누",621,없음
478,나대장,아니 ㅋㅋㅋㅋ 저렇게 발전도 없고 지능도 없고 멍청하게 우길줄만 아는 나라가 어떻게 OECD국가임?ㅋㅋㅋㅋㅋㅋㅋ 어이가 없네,175,없음
479,Vicki O,저 때 같이 간 세 분이 그나마 거의 180 넘는 키에 덩치도 있으니까 적당히 밀리지 않고 넘어간거지 ㅋㅋ,4,없음
480,이정은,저렇게 대답하는 이유는 교육을 잘못 받아서 그래요.,459,없음
481,lee,저런 말싸움은 잼민이들이 필요해! 잼민이들도 쓸때가 있었군,0,없음
482,4스날,3:57  밀어는데  꿈적도 안해서  당황한거 왜 이렇게 웃기냐 ㅋㅋ.,1,없음
483,"민서남친, 도율",일본 역사학자들중에서 독도 일본땅이라고 하는 사람없어 이 바보들아,0,없음
484,냥큐브,0:05 시작부터 원숭이가말을한다? 너무 재밌고,7,없음
485,수현,지들 독도 어디있는지도 모르면서 지네들 땅이라고 하는거 개웃기넼ㅋㅋㅋㅋㅋㅋ,10,없음
486,지민,근데 일본 사람들도 불쌍하다 저렇게 잘못된 지식을 배워놨다가 한국영토인걸 밝혀지고 난후 쟤네는 얼마나 쪽팔릴까 ㅋㅋㅋㅋㅋㅋ,648,없음
487,박한별,아니 저 마스크남 분 독도는 일본 땅이리고 말하면서 🍎폰 대놓고 보여주는 거 갑자기 현웃 터지네..ㅋㅋㅋ,0,없음
488,way Milky,저도 맨처음엔 독도 위치 햇갈리다가 울릉도 옆에있는거 아닌가...? 하다가 급 독도는 우리땅 노래가사 기억나서 알게됐어요ㅋㅋㅋ울릉도! 동남쪽! 뱃길따라 이백리!(87K)! 외로운! 섬하나! 새들의 고향! 그 누가! 아무리! 자기네 땅이라고 우겨도! 독도는 우~리땅! 우리땅! ,0,없음
489,김승원,이제는 이런거 봐도 화 안나도 웃김 ㅋㅋㅋ 시비거는거 왜케 웃기냐 ㅋㅋㅋㅋ 면역성임 독도 우리나라이다 이제는 입이 아픔 우리는 증거만 내도 이김ㅋ,1,없음
490,박민우,그래도 상황 커지지 않고 마무리된게 오히려 다행인듯 합니다. 저런곳은 분명 우익뿐 아니라 야쿠자들도 연계되있을거고 (뺏지+말투로 추정),0,없음
491,수빈 황,독도는우리땅 우리땅!,1,없음
492,ᄋᄋᄋ,독도를 그냥 싸우지말고 일본한테 주면 안되냐라고 하시는데 우리나라 사람들이 살고있는 대한민국 땅이며 주변에있는 바다의 소유권도 없어집니다 원레 대한민국땅인데 그걸 왜 줍니까 🤔,156,없음
493,서연,"우산(독도)과 무릉(울릉도), 두 섬이 현의  정동방 바다 가운데에 있다.  두 섬이 서로 거리가 멀지 아니하여,  날씨가 맑으면 바라볼 수 있다.",1,없음
494,김희준,영감들 발작 오지네 진짴ㅋㅋㅋ,2,없음
495,길고양이을 키우는 사람,3차 세계대전 하면 일본부터 공격했서 용서받자,0,없음
496,내가누굴까,게스트로 격투기 선수같은사람 갔을때 반응 궁금하다 ㅋㅋㅋㅋ,0,없음
497,율희 김,독도는 우리 땅에 있는데  있는데 일본 계속어기네  일본 나빴다,0,없음
498,한국산상어,알고리즘 덕분에 일본이 얼마나 한심한 나라인줄 알았네 위치도 모르면서 우리땅이라고 우기면 다른나라도 다 자기들 땅이네,157,없음
499,이지은,팩트 : 일본 사람들이 독도 갈려면 여권을 내야합니다. 하지만 우리 대한민국 국민들은 여권이 없어도 들어갈 수 있습니다. 과연 누구의 땅 일까요?,0,없음
500,서녜,외국인들 알고리즘에 이 영상좀 띄워줘라,345,없음
501,Yougin Kim,한국이 꽤나 매력이 있나보네. 원래 정말 못났으면 상종도 않할탠데.,0,없음
502,율림TUBE,여기에서 그그 욕 찰지게 하는 할머니 딱 오면 을마나 좋을까..,0,없음
503,달이,와...욕하고 싶을정도로 많이 답답해.... 독도는 한국땅입니다,0,없음
504,폭풍,김구라의 짜증난 표정과 영혼없이 무식함에 떠드는 일본인의 멘트가 정말 오버랩되는게 웃프네 ㅋㅋ,0,없음
505,이희겸,진짜 나쁜 사람들이다.,0,없음
506,토끼꾹이🐰,"전에 일본여행 갔었을때 대한민국 위인 리포트를 작성하는것 때문에 길가면서 유관순 열사님에 대해 보고있었는데 핸드폰 화면을 본건지 갑자기 옆에서 ""다케시마는 일본땅이야(일본어 할줄압니다!)""  하길래 그사람 면전에다가 독도는 우리땅 ㅈㄴ 열창함ㅋㅋ 사람들 다 모여서 좀 쪽팔리긴했는데 지나가던 한국 할아버지네 가족이 따봉하고 가심ㅋㅋ",323,없음
507,김나연,저런행동들은 본인들이 무식하다는걸 제대로 보여주는 행동같음,2,없음
508,냥으시브사,일본 여행갔는데 저러면 난 죽여버리고 감옥가는게 더 마음펀할듯,0,없음
509,신승윤,어찌보면 저사람들도 불쌍함.. 우리는 독도가 우리나라 땅인거 우리도 알고 그러지만 저 사람들 입장도 이해는 되는게 평생 저 땅은 우리땅이고 이러이러한 증거가 있으므로 우리땅이다 이렇게 배웠는데 갑자기 옆나라에서 저 땅은 우리땅이다 이러는데 어이없긴 할거임. 물론 저기서 몸싸움 일보직전까지 가고 함부로 행동한 사람들은 분명 잘못된게 맞음. 근데 저사람들도 저걸 평생 몇십년을 배워왔는데 우리가 독도가 한국땅이라 하는게 어이가 없는거도 어찌보면 당연함. 사실 저사람들보다도 제일 나쁜건 역사왜곡해서 가르치는 일본 윗대가리들이 아닐까.. 어찌보면 저사람들도 모르고 본인들이 맞는줄알고 저렇게 뻘짓하는건데 불쌍함..,0,없음
510,Lol Kkkk,저기 마동석있었으면 사이다였닼,1,없음
511,이찬,뭔 일본땅이라하지 일본 우리나라 옛날에 점령한것도 모자라서 이젠 우리나라땅도 뺏을라하네:,290,없음
512,건우,저 상황에서 욕안쓰고 버틴게 신기할 따름,0,없음
513,Hou- SSeong,역사를 잊은자에게는 미래란없다 인간은 실수를하고 반복한다 역사또한 똑같다,0,없음
514,밤하늘night sky,일본은 진짜 비매너인사람 많다;;;;,0,없음
515,아무것도없음,김구라랑 싸우면 개쳐발릴듯ㅋㅋ,3,없음
516,강지희,요기댓들에있는 찬쓰님답글에 나쁜사람이있는데 어떻게 처리 안될까요? 한국인욕을 많이했다는걸 자기도 이해할 정도니까요.,0,없음
517,박서아,아 진짜...보다보니까 너무 화네...뭘계속 가래거려 가래가 뱉고싶으면 화장실을가든가..,247,없음
518,조얼떨결에깨끗한발,보면서 개쳐웃었네ㅋㄱㅋㄱㅋ 우울할때 보면 개 웃김 ㅋㅅㅋㅋㄱㅋㅅㅌ,0,없음
519,Rhythm Bug,이걸보고 우리나라 잼민이가 더 똑똑하다고 느낀다,0,없음
520,d5ubl2y j25n,국민의 대다수가 여권도 없는 나라의 국민들 답군요. 국민의 대다수가 정치에 관심이 없는 나라의 국민들 답습니다. 뭐가 어디 붙어 있는지도 모르면서 무조건 지들 땅이라고 하는 그 수준이 참 볼만하네요.,233,없음
521,달려가,구라형 옛날 같았으면 욕을 한바가지 시원하게  해줬을 텐데..,0,없음
522,앙웅,진짜 구질구질하다  가만히 있던 사람들 걸고 넘어져서는 증거도 논리도 없는 말로 무조건 우기는데 저걸 옆에서 보는 일본인들도 그치 맞지 이거지 이 생각을 하고 있다니 참 ㅋㅋㅋ 괜한 소유욕을 부리네 팩트가 있음에도 불구하고 찾아보지도 않고 무조건 우기고 폭력적으로 행사하려고 하는데 그게 얼마나 찌질해 보이고 무례해 보이고 교육을 어떻게 받아 쳐먹은건지 도통 모르겠는데 ㅋㅋㅋㅋ 물론 좋은 일본분들도 많으신데 왜 저렇게 아무한테나 대들고 싸가지 없게 구는거냐,0,없음
523,정세라,근데 독도가 우리 땅인데도 우리도 저렇게까진 안 하는데 좀 많이 이상하네......,0,없음
524,플마트,저럴때는 샤답 샤답 하고 무시하면 됨,0,없음
525,아리아ARIA ٩(๑•̀o•́๑)و,"아니;; 우기는게 아니라, 우리 땅이 잖아;;  우기는게 아닌 사실이라고;; 아니;;",0,없음
526,정민지,ㅋㅋㅋㅋㅋㅋㅋㅇㄴ 화나기보단 그냥 개웃김ㅋㅋㅋㅋㅋㅋㅋㅋㅋㅋ한국와서 제대로 독도에대해 공부해보면  하나도 모를거면서 눈막고 귀막고 응 다케시마야~ 이러는거 ㅈㄴ 수치스럽겠닼ㅋㅋㅋㅋㅋㅋㅋㅋㅋㅋㅋㅋㅋㅋㅋㅋㅋㅋㅋㅋㅋㅋㅋㅋㅋ,327,없음
527,언어가대박이다,3:56 전혀 안밀리는게 개웃김,0,없음
528,김봉수,설민석이 진실을 설명하고 마동석이 진실의 방으로 데려가면 될듯,0,없음
529,소이,지들이 제일 잘 알면서 ㅇㅈㄹㅋㅋㅋㅋㅋ 일본도 애쓴다 ㅉ,0,없음
530,반전그림,지식이없어지식이!  이러는게 개웃김 ㅋㅋㅋ,1,없음
531,문대롱이,울릉도 동남쪽 백길따라 200리 외로운 섬하나 ...  대한민국 사람이면 독도의 위치를 모를수가 없다..,0,없음
532,박드라이버,저런놈들이 36년간 지배했으니 우리들 조상이  얼마나 힘들었을까  되갑아 주고싶다 진심,157,없음
533,•ɞ•,우리쌤이 일본인들이 아주 예의바르고 친절해서 일본정부만 나쁘구나 했는데 이게뭐야...그리고 나였다면 쌍욕날렸을텐데 대단하심..,0,없음
534,박태빈,13:48 물어보고 말할라니까 입 막아버리고 다시 물어보네ㅋㅋㅋㅋㅋ,2,없음
535,Ramen eat Lemon,이건마동석들와서 다 쓰러트려도 할말없다,1,없음
536,이서연,전세계 어린아기까지 알도록 우리도 알려야해요 나라힘이 쎄야합니다 지하에서 열사들 울고계십니다,1,없음
537,조조수현,일본은 양아치같이 행동하네~,2,없음
538,이정민,"확실히 문제가 있는 나라인듯. 교육을 어떻게 했으면 ""독도는 일본땅이다! 근데 어디있는지는 모른다!"" 이런말이 나오지.. 할거면 확실히게 하든가.. 이도저도 아니니까 우리가 더 화내지.. 우리도 고개 끄덕일만한 증거있어서 저러는게 아니잖아",156,없음
539,푸른하늘,이런건 전세계인이 공유 했으면 좋겠다. 이게 일본의 본모습이지~ㅋㅋㅋ,1,없음
540,ᄃᄄ,딱 그거네 형: 이거 내꺼야! 숙제할때 써야한다고! 동생: 아니야 이거 내꺼야! 형: 이게 뭔줄알고?,4.1천,없음
541,ケチャマヨポテト,근데 일본에서 자란 나로서는 이런 사람들이 존재 한다는 것이 정말로 유감이네… 일본의 교육을 받고 독도문제에 관심이 있는 일본 친구랑 대화도 나누는데 이건 정말 전쟁이라도 일어나지 않으면 해결 못할 듯.(제가 국어 공부를 제대로는 안해서 문장이 이상 할수있지만 양해 바람),1,없음
542,민트샌즈,한국한테 취재진:독도 어디있는지 알아요? 한국:네(사회시간에 배운거 술술)                일본한테,1,없음
543,푸르문[フルムーン],말리니까 더 크게 얘기하네 ㅋㅋㅋㅋㅋㅋㅋㅋ,0,없음
544,{신기한 일상},잼민이랑 말빨로 싸우면 저 사람 들 맨탈 깨질듯ㅋㅋㅋㅋㅋㅋㅋㅋ,3,없음
545,RUNAWAY,나였으면 큰소리 했다.. 자꾸 옆에 와서 촬영방해하는 역시 일본.. 하는 짓이 손가락질만 봐도 추해..,0,없음
546,손장원,독도가 어딘지도 몰르면서 지들꺼래 ㅋㅋㅋㅋ 자기 자식 아닌데 이름도 모르면서 자기꺼라고 하는거랑 뭐가 달라 ㅋㅋ,148,없음
547,탐색TV,안이 자기들이 강치도 죽여으면서 화내는것보소 ㅋㅋㅋㅋㅋㅋㅋㅋㅋㅋㅋㅋㅋㅋㅋ,0,없음
548,탈크리스,이렇게 독도관련방송을 자주티비에서했으면좋겠어요.집콕하는분들많은 코로나시국에 티비에서보고 유튜브로보고 전세계 외국인들이 독도관련영상들을 보게될때마다 우리나라에 도움이될것같아요.독도가 우리나라땅임이 진실이니까.,0,없음
549,Harang Lee,독도가 뭔지 모르는데 자기 땅이란다,1,없음
550,모성덕,일본인들은 무조건  자기 나라에서 말하는데로 우기는 특성이있다. 저들은 진실은 알려고도 안한다. 무조건 우긴다.애국심 하나는 일등이다.,0,없음
551,에르스트,안경잡이가 미는데 안밀리는거 갸웃기네,1,없음
552,루카스,일본: 바보들아 일본에선 일본어 해 한국: 니들은 한국에서 한국어 안하잖아 일본: ...,366,없음
553,비상식량,"일본이랑 우리나라랑 같은점은 한사람이 시작하면 모두가 같이 모인다는 점이고 다른 점이 있다면 일본은 한국의 의견을 듣지도 보지도 읽지도 않은 채 무 논리로 주장을 해오고, 우리나라는 역사를 바탕으로 논리있는 말을 한다.",0,없음
554,권도형,왕뚜껑쌤 빨간펜 라이브 강의 잘 들었어요!!,17,없음
555,코코,근데. 일본인은 싸움을 싫어하는.. 유전자가 있는데 진짜 인가요?,0,없음
556,김용남,하 진짜 잼민이도 참교육 마렵네,0,없음
557,근룬YOUTUBE,독도가 일본땅이면 일본은 한국땅이다 ㅋㅋ,2,없음
558,한소희,"도쿄를 유럽에서 찾는 미국인이나, 독도가 어딨는지 모르는 일본인이나 ㅋㅋ 남의 땅이다 보니까 관심이 없는 듯",153,없음
559,daxiong mao,(한국어를 공부하는 일본 사람이니까 제 서투른 한국어를 이해 해주세요.) 저도 중학교에서 “타케시마는 일본의 영토” 라고 배웠는데 요새 한국도 일본도 연구자분들이 여러 자료나 문서를 발견하니까 뭐가 옳은지 갈피를 못 잡겠어요. 이미 섬 조건을 충족시키지 않다는 자료가 있는것도 알아요. ,1,없음
560,geni us,1:25 여기서부터 교육 차이가 나네. 우리는 싸우고있다고 안배우고 당연히 우리지역이라 배우는데.,221,없음
561,김보민,3:54 안밀리는게 킬포 ㅋㅋㅋ,2,없음
562,ᄋ 몰랑인ᄃ,사회시간에 퀴즈하다가 7개 문제중에서 6개 틀린나는..ㅎ,0,없음
563,카리스,일본 현 정부 아베가 잘못한거지 옛일본정부는 착해요 일본주민들은 옛정부를보고 독도는한국땅 인걸 좀 배워야 할것 같습니다,0,없음
564,삭제된계정입니다.,김구라씨가 빡친게 눈썹으로도 보여요,0,없음
565,모해,선거 잘 해야합니다 일정기가 수면위로 올라오고있어요,0,없음
566,오오선호,일본인: ㅈ도 모르면서 일단 씨부림 한국인: 근거를 제대로 얘기하고 씨부림  + 왜 싸우고있는지 모르겠는데,722,없음
567,화진,아 국어시간은 엄청 싫지만 국어시간에 배운 토론이 하고 싶어진다,0,없음
568,발코니,우익들에에 독도가 한국령으로 표기된 일본 고지도에 다케시마가 어디인지 가리켜 보도록하는 어떨까요? 그들의 고지도에 독도가 한국령으로 표기 되어있음을 인식시키는것 아닐까요,0,없음
569,바나나 파워~,"다케시마가 어디있는지도 모르는데 지들은 ""독도는 일본땅이다""이렇게 말하네? 그리고 시비?한국인한테 시비? 일본이들아 우리한국 K-잼민이 말싸움 못이겨 이것들아",0,없음
570,김재우,개인적으로 김구라씨 이방송에 적역인듯ᆢ,0,없음
571,신지,일본분들 불쌍하시다..그렇게 배웠스니깐 하는거 아니야..같이욕이나 먹고..  ( ͒ ́ඉ .̫ ඉ ̀ ͒),0,없음
572,X xx,설민석씨랑 마동석씨랑 다시 가서 이론적 설명은 설민석씨가 하고 물리적 설명은 마동석씨가 합시다.,3.8천,없음
573,MoonLight,일본 역사시간 선생님:여러분 다케시마는 일본의 영토입니다! 시험에 꼭 나와요~ 학생:왜요? 선생님:원래부터 그랬어요^^,0,없음
574,마마무는사랑,그래도 학교에선 일본어를 배워야하다니.. 참...하하...,0,없음
575,Kim Hyo min,아프다,0,없음
576,독사,저자리에 내가있었으면 얼마나 좋았을까 이렇게 영상으로만 보고있는게 너무 아쉽고 끓는다,0,없음
577,광수 최,기념상품 샀을때 그사람 그나마양심있네,1,없음
578,Soo Ellen,DOKDO is KOREA's territory - NOT Japan's territory  - NO Dakeshima - NO MORE ILLOGICAL INSISTS,1.9천,없음
579,나는 베이징의 천안문을 사랑해我爱北京天安门,웃긴게 일본이 군인대우랑 청결이 더 좋음GDP도,1,없음
